Dataset,feature_name,Threshold Method,OoD==f(x)=y,Performance Calibrated,OoD Val Fold,OoD Test Fold,tpr,tnr,ba
OfficeHome,kNN,val_optimal,True,True,Art,Art,0.7307692307692307,0.71875,0.7247596153846154
OfficeHome,kNN,val_optimal,True,True,Art,Clipart,0.8256880733944955,0.7362637362637363,0.7809759048291158
OfficeHome,kNN,val_optimal,True,True,Art,Product,0.07142857142857142,0.8313953488372093,0.45141196013289037
OfficeHome,kNN,val_optimal,True,True,Clipart,Art,0.5480769230769231,0.8125,0.6802884615384616
OfficeHome,kNN,val_optimal,True,True,Clipart,Clipart,0.7614678899082569,0.8351648351648352,0.798316362536546
OfficeHome,kNN,val_optimal,True,True,Clipart,Product,0.07142857142857142,0.9069767441860466,0.489202657807309
OfficeHome,kNN,val_optimal,True,True,Product,Art,0.038461538461538464,0.875,0.4567307692307692
OfficeHome,kNN,val_optimal,True,True,Product,Clipart,0.045871559633027525,0.8681318681318682,0.4570017138824478
OfficeHome,kNN,val_optimal,True,True,Product,Product,0.5,0.7209302325581395,0.6104651162790697
OfficeHome,kNN,ind_span,True,True,Art,Art,0.40384615384615385,0.875,0.6394230769230769
OfficeHome,kNN,ind_span,True,True,Art,Clipart,0.7064220183486238,0.8681318681318682,0.787276943240246
OfficeHome,kNN,ind_span,True,True,Art,Product,0.17857142857142858,0.8662790697674418,0.5224252491694352
OfficeHome,kNN,ind_span,True,True,Clipart,Art,0.40384615384615385,0.875,0.6394230769230769
OfficeHome,kNN,ind_span,True,True,Clipart,Clipart,0.7064220183486238,0.8681318681318682,0.787276943240246
OfficeHome,kNN,ind_span,True,True,Clipart,Product,0.17857142857142858,0.8662790697674418,0.5224252491694352
OfficeHome,kNN,ind_span,True,True,Product,Art,0.40384615384615385,0.875,0.6394230769230769
OfficeHome,kNN,ind_span,True,True,Product,Clipart,0.7064220183486238,0.8681318681318682,0.787276943240246
OfficeHome,kNN,ind_span,True,True,Product,Product,0.17857142857142858,0.8662790697674418,0.5224252491694352
OfficeHome,kNN,val_optimal,True,False,Art,Art,0.79,0.76,0.775
OfficeHome,kNN,val_optimal,True,False,Art,Clipart,0.8256880733944955,0.7362637362637363,0.7809759048291158
OfficeHome,kNN,val_optimal,True,False,Art,Product,0.07142857142857142,0.8313953488372093,0.45141196013289037
OfficeHome,kNN,val_optimal,True,False,Clipart,Art,0.6,0.85,0.725
OfficeHome,kNN,val_optimal,True,False,Clipart,Clipart,0.7614678899082569,0.8351648351648352,0.798316362536546
OfficeHome,kNN,val_optimal,True,False,Clipart,Product,0.07142857142857142,0.9069767441860466,0.489202657807309
OfficeHome,kNN,val_optimal,True,False,Product,Art,0.0,0.84,0.42
OfficeHome,kNN,val_optimal,True,False,Product,Clipart,0.045871559633027525,0.8681318681318682,0.4570017138824478
OfficeHome,kNN,val_optimal,True,False,Product,Product,0.5,0.7209302325581395,0.6104651162790697
OfficeHome,kNN,ind_span,True,False,Art,Art,0.43,0.89,0.66
OfficeHome,kNN,ind_span,True,False,Art,Clipart,0.7064220183486238,0.8681318681318682,0.787276943240246
OfficeHome,kNN,ind_span,True,False,Art,Product,0.17857142857142858,0.8662790697674418,0.5224252491694352
OfficeHome,kNN,ind_span,True,False,Clipart,Art,0.43,0.89,0.66
OfficeHome,kNN,ind_span,True,False,Clipart,Clipart,0.7064220183486238,0.8681318681318682,0.787276943240246
OfficeHome,kNN,ind_span,True,False,Clipart,Product,0.17857142857142858,0.8662790697674418,0.5224252491694352
OfficeHome,kNN,ind_span,True,False,Product,Art,0.43,0.89,0.66
OfficeHome,kNN,ind_span,True,False,Product,Clipart,0.7064220183486238,0.8681318681318682,0.787276943240246
OfficeHome,kNN,ind_span,True,False,Product,Product,0.17857142857142858,0.8662790697674418,0.5224252491694352
OfficeHome,kNN,val_optimal,False,False,Art,Art,0.79,0.76,0.775
OfficeHome,kNN,val_optimal,False,False,Art,Clipart,0.9,0.76,0.8300000000000001
OfficeHome,kNN,val_optimal,False,False,Art,Product,0.07,0.76,0.41500000000000004
OfficeHome,kNN,val_optimal,False,False,Clipart,Art,0.6,0.85,0.725
OfficeHome,kNN,val_optimal,False,False,Clipart,Clipart,0.83,0.85,0.84
OfficeHome,kNN,val_optimal,False,False,Clipart,Product,0.03,0.85,0.44
OfficeHome,kNN,val_optimal,False,False,Product,Art,0.0,0.84,0.42
OfficeHome,kNN,val_optimal,False,False,Product,Clipart,0.01,0.84,0.425
OfficeHome,kNN,val_optimal,False,False,Product,Product,0.46,0.84,0.65
OfficeHome,kNN,ind_span,False,False,Art,Art,0.43,0.89,0.66
OfficeHome,kNN,ind_span,False,False,Art,Clipart,0.78,0.89,0.835
OfficeHome,kNN,ind_span,False,False,Art,Product,0.17,0.89,0.53
OfficeHome,kNN,ind_span,False,False,Clipart,Art,0.43,0.89,0.66
OfficeHome,kNN,ind_span,False,False,Clipart,Clipart,0.78,0.89,0.835
OfficeHome,kNN,ind_span,False,False,Clipart,Product,0.17,0.89,0.53
OfficeHome,kNN,ind_span,False,False,Product,Art,0.43,0.89,0.66
OfficeHome,kNN,ind_span,False,False,Product,Clipart,0.78,0.89,0.835
OfficeHome,kNN,ind_span,False,False,Product,Product,0.17,0.89,0.53
OfficeHome,GradNorm,val_optimal,True,True,Art,Art,0.801980198019802,0.5656565656565656,0.6838183818381838
OfficeHome,GradNorm,val_optimal,True,True,Art,Clipart,0.8715596330275229,0.5824175824175823,0.7269886077225527
OfficeHome,GradNorm,val_optimal,True,True,Art,Product,0.696969696969697,0.38323353293413176,0.5401016149519144
OfficeHome,GradNorm,val_optimal,True,True,Clipart,Art,0.27722772277227725,0.9292929292929293,0.6032603260326033
OfficeHome,GradNorm,val_optimal,True,True,Clipart,Clipart,0.7706422018348624,0.945054945054945,0.8578485734449037
OfficeHome,GradNorm,val_optimal,True,True,Clipart,Product,0.36363636363636365,0.7844311377245509,0.5740337506804573
OfficeHome,GradNorm,val_optimal,True,True,Product,Art,0.49504950495049505,0.8080808080808081,0.6515651565156515
OfficeHome,GradNorm,val_optimal,True,True,Product,Clipart,0.8256880733944955,0.8461538461538461,0.8359209597741708
OfficeHome,GradNorm,val_optimal,True,True,Product,Product,0.5151515151515151,0.5988023952095809,0.556976955180548
OfficeHome,GradNorm,ind_span,True,True,Art,Art,0.0594059405940594,0.98989898989899,0.5246524652465246
OfficeHome,GradNorm,ind_span,True,True,Art,Clipart,0.6788990825688074,0.989010989010989,0.8339550357898982
OfficeHome,GradNorm,ind_span,True,True,Art,Product,0.18181818181818182,0.9281437125748503,0.554980947196516
OfficeHome,GradNorm,ind_span,True,True,Clipart,Art,0.0594059405940594,0.98989898989899,0.5246524652465246
OfficeHome,GradNorm,ind_span,True,True,Clipart,Clipart,0.6788990825688074,0.989010989010989,0.8339550357898982
OfficeHome,GradNorm,ind_span,True,True,Clipart,Product,0.18181818181818182,0.9281437125748503,0.554980947196516
OfficeHome,GradNorm,ind_span,True,True,Product,Art,0.0594059405940594,0.98989898989899,0.5246524652465246
OfficeHome,GradNorm,ind_span,True,True,Product,Clipart,0.6788990825688074,0.989010989010989,0.8339550357898982
OfficeHome,GradNorm,ind_span,True,True,Product,Product,0.18181818181818182,0.9281437125748503,0.554980947196516
OfficeHome,GradNorm,val_optimal,True,False,Art,Art,0.86,0.62,0.74
OfficeHome,GradNorm,val_optimal,True,False,Art,Clipart,0.8715596330275229,0.5824175824175823,0.7269886077225527
OfficeHome,GradNorm,val_optimal,True,False,Art,Product,0.696969696969697,0.38323353293413176,0.5401016149519144
OfficeHome,GradNorm,val_optimal,True,False,Clipart,Art,0.31,0.96,0.635
OfficeHome,GradNorm,val_optimal,True,False,Clipart,Clipart,0.7706422018348624,0.945054945054945,0.8578485734449037
OfficeHome,GradNorm,val_optimal,True,False,Clipart,Product,0.36363636363636365,0.7844311377245509,0.5740337506804573
OfficeHome,GradNorm,val_optimal,True,False,Product,Art,0.56,0.87,0.7150000000000001
OfficeHome,GradNorm,val_optimal,True,False,Product,Clipart,0.8256880733944955,0.8461538461538461,0.8359209597741708
OfficeHome,GradNorm,val_optimal,True,False,Product,Product,0.5151515151515151,0.5988023952095809,0.556976955180548
OfficeHome,GradNorm,ind_span,True,False,Art,Art,0.07,1.0,0.535
OfficeHome,GradNorm,ind_span,True,False,Art,Clipart,0.6788990825688074,0.989010989010989,0.8339550357898982
OfficeHome,GradNorm,ind_span,True,False,Art,Product,0.18181818181818182,0.9281437125748503,0.554980947196516
OfficeHome,GradNorm,ind_span,True,False,Clipart,Art,0.07,1.0,0.535
OfficeHome,GradNorm,ind_span,True,False,Clipart,Clipart,0.6788990825688074,0.989010989010989,0.8339550357898982
OfficeHome,GradNorm,ind_span,True,False,Clipart,Product,0.18181818181818182,0.9281437125748503,0.554980947196516
OfficeHome,GradNorm,ind_span,True,False,Product,Art,0.07,1.0,0.535
OfficeHome,GradNorm,ind_span,True,False,Product,Clipart,0.6788990825688074,0.989010989010989,0.8339550357898982
OfficeHome,GradNorm,ind_span,True,False,Product,Product,0.18181818181818182,0.9281437125748503,0.554980947196516
OfficeHome,GradNorm,val_optimal,False,False,Art,Art,0.86,0.62,0.74
OfficeHome,GradNorm,val_optimal,False,False,Art,Clipart,0.95,0.62,0.7849999999999999
OfficeHome,GradNorm,val_optimal,False,False,Art,Product,0.88,0.62,0.75
OfficeHome,GradNorm,val_optimal,False,False,Clipart,Art,0.31,0.96,0.635
OfficeHome,GradNorm,val_optimal,False,False,Clipart,Clipart,0.85,0.96,0.905
OfficeHome,GradNorm,val_optimal,False,False,Clipart,Product,0.44,0.96,0.7
OfficeHome,GradNorm,val_optimal,False,False,Product,Art,0.56,0.87,0.7150000000000001
OfficeHome,GradNorm,val_optimal,False,False,Product,Clipart,0.91,0.87,0.89
OfficeHome,GradNorm,val_optimal,False,False,Product,Product,0.71,0.87,0.79
OfficeHome,GradNorm,ind_span,False,False,Art,Art,0.07,1.0,0.535
OfficeHome,GradNorm,ind_span,False,False,Art,Clipart,0.75,1.0,0.875
OfficeHome,GradNorm,ind_span,False,False,Art,Product,0.18,1.0,0.59
OfficeHome,GradNorm,ind_span,False,False,Clipart,Art,0.07,1.0,0.535
OfficeHome,GradNorm,ind_span,False,False,Clipart,Clipart,0.75,1.0,0.875
OfficeHome,GradNorm,ind_span,False,False,Clipart,Product,0.18,1.0,0.59
OfficeHome,GradNorm,ind_span,False,False,Product,Art,0.07,1.0,0.535
OfficeHome,GradNorm,ind_span,False,False,Product,Clipart,0.75,1.0,0.875
OfficeHome,GradNorm,ind_span,False,False,Product,Product,0.18,1.0,0.59
OfficeHome,Entropy,val_optimal,True,True,Art,Art,0.908256880733945,0.3076923076923077,0.6079745942131263
OfficeHome,Entropy,val_optimal,True,True,Art,Clipart,0.4424778761061947,0.32183908045977017,0.38215847828298244
OfficeHome,Entropy,val_optimal,True,True,Art,Product,0.7627118644067796,0.276595744680851,0.5196538045438153
OfficeHome,Entropy,val_optimal,True,True,Clipart,Art,0.25688073394495414,0.5274725274725275,0.3921766307087408
OfficeHome,Entropy,val_optimal,True,True,Clipart,Clipart,0.7168141592920354,0.5287356321839081,0.6227748957379717
OfficeHome,Entropy,val_optimal,True,True,Clipart,Product,0.3728813559322034,0.5390070921985816,0.4559442240653925
OfficeHome,Entropy,val_optimal,True,True,Product,Art,1.0,0.01098901098901095,0.5054945054945055
OfficeHome,Entropy,val_optimal,True,True,Product,Clipart,0.9823008849557522,0.011494252873563204,0.4968975689146577
OfficeHome,Entropy,val_optimal,True,True,Product,Product,1.0,0.007092198581560294,0.5035460992907801
OfficeHome,Entropy,ind_span,True,True,Art,Art,0.009174311926605505,0.989010989010989,0.49909265046879725
OfficeHome,Entropy,ind_span,True,True,Art,Clipart,0.008849557522123894,0.9885057471264368,0.49867765232428035
OfficeHome,Entropy,ind_span,True,True,Art,Product,0.03389830508474576,0.9858156028368794,0.5098569539608125
OfficeHome,Entropy,ind_span,True,True,Clipart,Art,0.009174311926605505,0.989010989010989,0.49909265046879725
OfficeHome,Entropy,ind_span,True,True,Clipart,Clipart,0.008849557522123894,0.9885057471264368,0.49867765232428035
OfficeHome,Entropy,ind_span,True,True,Clipart,Product,0.03389830508474576,0.9858156028368794,0.5098569539608125
OfficeHome,Entropy,ind_span,True,True,Product,Art,0.009174311926605505,0.989010989010989,0.49909265046879725
OfficeHome,Entropy,ind_span,True,True,Product,Clipart,0.008849557522123894,0.9885057471264368,0.49867765232428035
OfficeHome,Entropy,ind_span,True,True,Product,Product,0.03389830508474576,0.9858156028368794,0.5098569539608125
OfficeHome,Entropy,val_optimal,True,False,Art,Art,0.93,0.31000000000000005,0.6200000000000001
OfficeHome,Entropy,val_optimal,True,False,Art,Clipart,0.4424778761061947,0.32183908045977017,0.38215847828298244
OfficeHome,Entropy,val_optimal,True,False,Art,Product,0.7627118644067796,0.276595744680851,0.5196538045438153
OfficeHome,Entropy,val_optimal,True,False,Clipart,Art,0.25,0.54,0.395
OfficeHome,Entropy,val_optimal,True,False,Clipart,Clipart,0.7168141592920354,0.5287356321839081,0.6227748957379717
OfficeHome,Entropy,val_optimal,True,False,Clipart,Product,0.3728813559322034,0.5390070921985816,0.4559442240653925
OfficeHome,Entropy,val_optimal,True,False,Product,Art,1.0,0.010000000000000009,0.505
OfficeHome,Entropy,val_optimal,True,False,Product,Clipart,0.9823008849557522,0.011494252873563204,0.4968975689146577
OfficeHome,Entropy,val_optimal,True,False,Product,Product,1.0,0.007092198581560294,0.5035460992907801
OfficeHome,Entropy,ind_span,True,False,Art,Art,0.01,0.99,0.5
OfficeHome,Entropy,ind_span,True,False,Art,Clipart,0.008849557522123894,0.9885057471264368,0.49867765232428035
OfficeHome,Entropy,ind_span,True,False,Art,Product,0.03389830508474576,0.9858156028368794,0.5098569539608125
OfficeHome,Entropy,ind_span,True,False,Clipart,Art,0.01,0.99,0.5
OfficeHome,Entropy,ind_span,True,False,Clipart,Clipart,0.008849557522123894,0.9885057471264368,0.49867765232428035
OfficeHome,Entropy,ind_span,True,False,Clipart,Product,0.03389830508474576,0.9858156028368794,0.5098569539608125
OfficeHome,Entropy,ind_span,True,False,Product,Art,0.01,0.99,0.5
OfficeHome,Entropy,ind_span,True,False,Product,Clipart,0.008849557522123894,0.9885057471264368,0.49867765232428035
OfficeHome,Entropy,ind_span,True,False,Product,Product,0.03389830508474576,0.9858156028368794,0.5098569539608125
OfficeHome,Entropy,val_optimal,False,False,Art,Art,0.93,0.31000000000000005,0.6200000000000001
OfficeHome,Entropy,val_optimal,False,False,Art,Clipart,0.4,0.31000000000000005,0.35500000000000004
OfficeHome,Entropy,val_optimal,False,False,Art,Product,0.78,0.31000000000000005,0.545
OfficeHome,Entropy,val_optimal,False,False,Clipart,Art,0.25,0.54,0.395
OfficeHome,Entropy,val_optimal,False,False,Clipart,Clipart,0.76,0.54,0.65
OfficeHome,Entropy,val_optimal,False,False,Clipart,Product,0.41,0.54,0.475
OfficeHome,Entropy,val_optimal,False,False,Product,Art,1.0,0.010000000000000009,0.505
OfficeHome,Entropy,val_optimal,False,False,Product,Clipart,0.98,0.010000000000000009,0.495
OfficeHome,Entropy,val_optimal,False,False,Product,Product,1.0,0.010000000000000009,0.505
OfficeHome,Entropy,ind_span,False,False,Art,Art,0.01,0.99,0.5
OfficeHome,Entropy,ind_span,False,False,Art,Clipart,0.01,0.99,0.5
OfficeHome,Entropy,ind_span,False,False,Art,Product,0.03,0.99,0.51
OfficeHome,Entropy,ind_span,False,False,Clipart,Art,0.01,0.99,0.5
OfficeHome,Entropy,ind_span,False,False,Clipart,Clipart,0.01,0.99,0.5
OfficeHome,Entropy,ind_span,False,False,Clipart,Product,0.03,0.99,0.51
OfficeHome,Entropy,ind_span,False,False,Product,Art,0.01,0.99,0.5
OfficeHome,Entropy,ind_span,False,False,Product,Clipart,0.01,0.99,0.5
OfficeHome,Entropy,ind_span,False,False,Product,Product,0.03,0.99,0.51
OfficeHome,Energy,val_optimal,True,True,Art,Art,0.6346153846153846,0.9166666666666666,0.7756410256410255
OfficeHome,Energy,val_optimal,True,True,Art,Clipart,0.035398230088495575,0.9310344827586207,0.4832163564235581
OfficeHome,Energy,val_optimal,True,True,Art,Product,0.09302325581395349,0.9426751592356688,0.5178492075248111
OfficeHome,Energy,val_optimal,True,True,Clipart,Art,0.125,0.40625,0.265625
OfficeHome,Energy,val_optimal,True,True,Clipart,Clipart,0.7345132743362832,0.3793103448275862,0.5569118095819348
OfficeHome,Energy,val_optimal,True,True,Clipart,Product,0.5581395348837209,0.33757961783439494,0.44785957635905793
OfficeHome,Energy,val_optimal,True,True,Product,Art,0.22115384615384615,0.27083333333333337,0.24599358974358976
OfficeHome,Energy,val_optimal,True,True,Product,Clipart,0.8407079646017699,0.25287356321839083,0.5467907639100804
OfficeHome,Energy,val_optimal,True,True,Product,Product,0.813953488372093,0.22292993630573243,0.5184417123389127
OfficeHome,Energy,ind_span,True,True,Art,Art,0.08653846153846154,0.9895833333333334,0.5380608974358975
OfficeHome,Energy,ind_span,True,True,Art,Clipart,0.02654867256637168,0.9885057471264368,0.5075272098464042
OfficeHome,Energy,ind_span,True,True,Art,Product,0.0,0.9745222929936306,0.4872611464968153
OfficeHome,Energy,ind_span,True,True,Clipart,Art,0.08653846153846154,0.9895833333333334,0.5380608974358975
OfficeHome,Energy,ind_span,True,True,Clipart,Clipart,0.02654867256637168,0.9885057471264368,0.5075272098464042
OfficeHome,Energy,ind_span,True,True,Clipart,Product,0.0,0.9745222929936306,0.4872611464968153
OfficeHome,Energy,ind_span,True,True,Product,Art,0.08653846153846154,0.9895833333333334,0.5380608974358975
OfficeHome,Energy,ind_span,True,True,Product,Clipart,0.02654867256637168,0.9885057471264368,0.5075272098464042
OfficeHome,Energy,ind_span,True,True,Product,Product,0.0,0.9745222929936306,0.4872611464968153
OfficeHome,Energy,val_optimal,True,False,Art,Art,0.66,0.92,0.79
OfficeHome,Energy,val_optimal,True,False,Art,Clipart,0.035398230088495575,0.9310344827586207,0.4832163564235581
OfficeHome,Energy,val_optimal,True,False,Art,Product,0.09302325581395349,0.9426751592356688,0.5178492075248111
OfficeHome,Energy,val_optimal,True,False,Clipart,Art,0.12,0.42000000000000004,0.27
OfficeHome,Energy,val_optimal,True,False,Clipart,Clipart,0.7345132743362832,0.3793103448275862,0.5569118095819348
OfficeHome,Energy,val_optimal,True,False,Clipart,Product,0.5581395348837209,0.33757961783439494,0.44785957635905793
OfficeHome,Energy,val_optimal,True,False,Product,Art,0.2,0.27,0.23500000000000001
OfficeHome,Energy,val_optimal,True,False,Product,Clipart,0.8407079646017699,0.25287356321839083,0.5467907639100804
OfficeHome,Energy,val_optimal,True,False,Product,Product,0.813953488372093,0.22292993630573243,0.5184417123389127
OfficeHome,Energy,ind_span,True,False,Art,Art,0.09,0.99,0.54
OfficeHome,Energy,ind_span,True,False,Art,Clipart,0.02654867256637168,0.9885057471264368,0.5075272098464042
OfficeHome,Energy,ind_span,True,False,Art,Product,0.0,0.9745222929936306,0.4872611464968153
OfficeHome,Energy,ind_span,True,False,Clipart,Art,0.09,0.99,0.54
OfficeHome,Energy,ind_span,True,False,Clipart,Clipart,0.02654867256637168,0.9885057471264368,0.5075272098464042
OfficeHome,Energy,ind_span,True,False,Clipart,Product,0.0,0.9745222929936306,0.4872611464968153
OfficeHome,Energy,ind_span,True,False,Product,Art,0.09,0.99,0.54
OfficeHome,Energy,ind_span,True,False,Product,Clipart,0.02654867256637168,0.9885057471264368,0.5075272098464042
OfficeHome,Energy,ind_span,True,False,Product,Product,0.0,0.9745222929936306,0.4872611464968153
OfficeHome,Energy,val_optimal,False,False,Art,Art,0.66,0.92,0.79
OfficeHome,Energy,val_optimal,False,False,Art,Clipart,0.02,0.92,0.47000000000000003
OfficeHome,Energy,val_optimal,False,False,Art,Product,0.05,0.92,0.48500000000000004
OfficeHome,Energy,val_optimal,False,False,Clipart,Art,0.12,0.42000000000000004,0.27
OfficeHome,Energy,val_optimal,False,False,Clipart,Clipart,0.79,0.42000000000000004,0.605
OfficeHome,Energy,val_optimal,False,False,Clipart,Product,0.7,0.42000000000000004,0.56
OfficeHome,Energy,val_optimal,False,False,Product,Art,0.2,0.27,0.23500000000000001
OfficeHome,Energy,val_optimal,False,False,Product,Clipart,0.87,0.27,0.5700000000000001
OfficeHome,Energy,val_optimal,False,False,Product,Product,0.84,0.27,0.5549999999999999
OfficeHome,Energy,ind_span,False,False,Art,Art,0.09,0.99,0.54
OfficeHome,Energy,ind_span,False,False,Art,Clipart,0.03,0.99,0.51
OfficeHome,Energy,ind_span,False,False,Art,Product,0.03,0.99,0.51
OfficeHome,Energy,ind_span,False,False,Clipart,Art,0.09,0.99,0.54
OfficeHome,Energy,ind_span,False,False,Clipart,Clipart,0.03,0.99,0.51
OfficeHome,Energy,ind_span,False,False,Clipart,Product,0.03,0.99,0.51
OfficeHome,Energy,ind_span,False,False,Product,Art,0.09,0.99,0.54
OfficeHome,Energy,ind_span,False,False,Product,Clipart,0.03,0.99,0.51
OfficeHome,Energy,ind_span,False,False,Product,Product,0.03,0.99,0.51
OfficeHome,Typicality,val_optimal,True,True,Art,Art,0.591304347826087,0.8117647058823529,0.7015345268542199
OfficeHome,Typicality,val_optimal,True,True,Art,Clipart,0.18803418803418803,0.8192771084337349,0.5036556482339615
OfficeHome,Typicality,val_optimal,True,True,Art,Product,0.017857142857142856,0.8958333333333334,0.45684523809523814
OfficeHome,Typicality,val_optimal,True,True,Clipart,Art,0.6,0.7764705882352941,0.6882352941176471
OfficeHome,Typicality,val_optimal,True,True,Clipart,Clipart,0.23931623931623933,0.7951807228915663,0.5172484811039028
OfficeHome,Typicality,val_optimal,True,True,Clipart,Product,0.03571428571428571,0.8819444444444444,0.45882936507936506
OfficeHome,Typicality,val_optimal,True,True,Product,Art,0.008695652173913044,0.9411764705882353,0.47493606138107414
OfficeHome,Typicality,val_optimal,True,True,Product,Clipart,0.17094017094017094,0.9397590361445783,0.5553496035423746
OfficeHome,Typicality,val_optimal,True,True,Product,Product,0.6964285714285714,0.5555555555555556,0.6259920634920635
OfficeHome,Typicality,ind_span,True,True,Art,Art,0.3652173913043478,0.9411764705882353,0.6531969309462915
OfficeHome,Typicality,ind_span,True,True,Art,Clipart,0.1452991452991453,0.9518072289156626,0.548553187107404
OfficeHome,Typicality,ind_span,True,True,Art,Product,0.5357142857142857,0.6180555555555556,0.5768849206349207
OfficeHome,Typicality,ind_span,True,True,Clipart,Art,0.3652173913043478,0.9411764705882353,0.6531969309462915
OfficeHome,Typicality,ind_span,True,True,Clipart,Clipart,0.1452991452991453,0.9518072289156626,0.548553187107404
OfficeHome,Typicality,ind_span,True,True,Clipart,Product,0.5357142857142857,0.6180555555555556,0.5768849206349207
OfficeHome,Typicality,ind_span,True,True,Product,Art,0.3652173913043478,0.9411764705882353,0.6531969309462915
OfficeHome,Typicality,ind_span,True,True,Product,Clipart,0.1452991452991453,0.9518072289156626,0.548553187107404
OfficeHome,Typicality,ind_span,True,True,Product,Product,0.5357142857142857,0.6180555555555556,0.5768849206349207
OfficeHome,Typicality,val_optimal,True,False,Art,Art,0.68,0.84,0.76
OfficeHome,Typicality,val_optimal,True,False,Art,Clipart,0.18803418803418803,0.8192771084337349,0.5036556482339615
OfficeHome,Typicality,val_optimal,True,False,Art,Product,0.017857142857142856,0.8958333333333334,0.45684523809523814
OfficeHome,Typicality,val_optimal,True,False,Clipart,Art,0.69,0.81,0.75
OfficeHome,Typicality,val_optimal,True,False,Clipart,Clipart,0.23931623931623933,0.7951807228915663,0.5172484811039028
OfficeHome,Typicality,val_optimal,True,False,Clipart,Product,0.03571428571428571,0.8819444444444444,0.45882936507936506
OfficeHome,Typicality,val_optimal,True,False,Product,Art,0.0,0.94,0.47
OfficeHome,Typicality,val_optimal,True,False,Product,Clipart,0.17094017094017094,0.9397590361445783,0.5553496035423746
OfficeHome,Typicality,val_optimal,True,False,Product,Product,0.6964285714285714,0.5555555555555556,0.6259920634920635
OfficeHome,Typicality,ind_span,True,False,Art,Art,0.43,0.96,0.695
OfficeHome,Typicality,ind_span,True,False,Art,Clipart,0.1452991452991453,0.9518072289156626,0.548553187107404
OfficeHome,Typicality,ind_span,True,False,Art,Product,0.5357142857142857,0.6180555555555556,0.5768849206349207
OfficeHome,Typicality,ind_span,True,False,Clipart,Art,0.43,0.96,0.695
OfficeHome,Typicality,ind_span,True,False,Clipart,Clipart,0.1452991452991453,0.9518072289156626,0.548553187107404
OfficeHome,Typicality,ind_span,True,False,Clipart,Product,0.5357142857142857,0.6180555555555556,0.5768849206349207
OfficeHome,Typicality,ind_span,True,False,Product,Art,0.43,0.96,0.695
OfficeHome,Typicality,ind_span,True,False,Product,Clipart,0.1452991452991453,0.9518072289156626,0.548553187107404
OfficeHome,Typicality,ind_span,True,False,Product,Product,0.5357142857142857,0.6180555555555556,0.5768849206349207
OfficeHome,Typicality,val_optimal,False,False,Art,Art,0.68,0.84,0.76
OfficeHome,Typicality,val_optimal,False,False,Art,Clipart,0.21,0.84,0.525
OfficeHome,Typicality,val_optimal,False,False,Art,Product,0.0,0.84,0.42
OfficeHome,Typicality,val_optimal,False,False,Clipart,Art,0.69,0.81,0.75
OfficeHome,Typicality,val_optimal,False,False,Clipart,Clipart,0.26,0.81,0.535
OfficeHome,Typicality,val_optimal,False,False,Clipart,Product,0.0,0.81,0.405
OfficeHome,Typicality,val_optimal,False,False,Product,Art,0.0,0.94,0.47
OfficeHome,Typicality,val_optimal,False,False,Product,Clipart,0.19,0.94,0.565
OfficeHome,Typicality,val_optimal,False,False,Product,Product,0.97,0.94,0.955
OfficeHome,Typicality,ind_span,False,False,Art,Art,0.43,0.96,0.695
OfficeHome,Typicality,ind_span,False,False,Art,Clipart,0.17,0.96,0.565
OfficeHome,Typicality,ind_span,False,False,Art,Product,0.81,0.96,0.885
OfficeHome,Typicality,ind_span,False,False,Clipart,Art,0.43,0.96,0.695
OfficeHome,Typicality,ind_span,False,False,Clipart,Clipart,0.17,0.96,0.565
OfficeHome,Typicality,ind_span,False,False,Clipart,Product,0.81,0.96,0.885
OfficeHome,Typicality,ind_span,False,False,Product,Art,0.43,0.96,0.695
OfficeHome,Typicality,ind_span,False,False,Product,Clipart,0.17,0.96,0.565
OfficeHome,Typicality,ind_span,False,False,Product,Product,0.81,0.96,0.885
OfficeHome,Softmax,val_optimal,True,True,Art,Art,0.8245614035087719,0.36046511627906974,0.5925132598939209
OfficeHome,Softmax,val_optimal,True,True,Art,Clipart,0.6982758620689655,0.34523809523809523,0.5217569786535303
OfficeHome,Softmax,val_optimal,True,True,Art,Product,0.7272727272727273,0.31034482758620685,0.5188087774294671
OfficeHome,Softmax,val_optimal,True,True,Clipart,Art,0.43859649122807015,0.41860465116279066,0.4286005711954304
OfficeHome,Softmax,val_optimal,True,True,Clipart,Clipart,0.646551724137931,0.41666666666666663,0.5316091954022988
OfficeHome,Softmax,val_optimal,True,True,Clipart,Product,0.5636363636363636,0.42068965517241375,0.4921630094043887
OfficeHome,Softmax,val_optimal,True,True,Product,Art,0.9385964912280702,0.17441860465116277,0.5565075479396164
OfficeHome,Softmax,val_optimal,True,True,Product,Clipart,0.8362068965517241,0.15476190476190477,0.4954844006568144
OfficeHome,Softmax,val_optimal,True,True,Product,Product,0.8727272727272727,0.1448275862068965,0.5087774294670846
OfficeHome,Softmax,ind_span,True,True,Art,Art,0.03508771929824561,0.9302325581395349,0.48266013871889024
OfficeHome,Softmax,ind_span,True,True,Art,Clipart,0.034482758620689655,0.9285714285714286,0.4815270935960591
OfficeHome,Softmax,ind_span,True,True,Art,Product,0.05454545454545454,0.9448275862068966,0.49968652037617556
OfficeHome,Softmax,ind_span,True,True,Clipart,Art,0.03508771929824561,0.9302325581395349,0.48266013871889024
OfficeHome,Softmax,ind_span,True,True,Clipart,Clipart,0.034482758620689655,0.9285714285714286,0.4815270935960591
OfficeHome,Softmax,ind_span,True,True,Clipart,Product,0.05454545454545454,0.9448275862068966,0.49968652037617556
OfficeHome,Softmax,ind_span,True,True,Product,Art,0.03508771929824561,0.9302325581395349,0.48266013871889024
OfficeHome,Softmax,ind_span,True,True,Product,Clipart,0.034482758620689655,0.9285714285714286,0.4815270935960591
OfficeHome,Softmax,ind_span,True,True,Product,Product,0.05454545454545454,0.9448275862068966,0.49968652037617556
OfficeHome,Softmax,val_optimal,True,False,Art,Art,0.85,0.36,0.605
OfficeHome,Softmax,val_optimal,True,False,Art,Clipart,0.6982758620689655,0.34523809523809523,0.5217569786535303
OfficeHome,Softmax,val_optimal,True,False,Art,Product,0.7272727272727273,0.31034482758620685,0.5188087774294671
OfficeHome,Softmax,val_optimal,True,False,Clipart,Art,0.41,0.41000000000000003,0.41000000000000003
OfficeHome,Softmax,val_optimal,True,False,Clipart,Clipart,0.646551724137931,0.41666666666666663,0.5316091954022988
OfficeHome,Softmax,val_optimal,True,False,Clipart,Product,0.5636363636363636,0.42068965517241375,0.4921630094043887
OfficeHome,Softmax,val_optimal,True,False,Product,Art,0.94,0.16000000000000003,0.55
OfficeHome,Softmax,val_optimal,True,False,Product,Clipart,0.8362068965517241,0.15476190476190477,0.4954844006568144
OfficeHome,Softmax,val_optimal,True,False,Product,Product,0.8727272727272727,0.1448275862068965,0.5087774294670846
OfficeHome,Softmax,ind_span,True,False,Art,Art,0.02,0.92,0.47000000000000003
OfficeHome,Softmax,ind_span,True,False,Art,Clipart,0.034482758620689655,0.9285714285714286,0.4815270935960591
OfficeHome,Softmax,ind_span,True,False,Art,Product,0.05454545454545454,0.9448275862068966,0.49968652037617556
OfficeHome,Softmax,ind_span,True,False,Clipart,Art,0.02,0.92,0.47000000000000003
OfficeHome,Softmax,ind_span,True,False,Clipart,Clipart,0.034482758620689655,0.9285714285714286,0.4815270935960591
OfficeHome,Softmax,ind_span,True,False,Clipart,Product,0.05454545454545454,0.9448275862068966,0.49968652037617556
OfficeHome,Softmax,ind_span,True,False,Product,Art,0.02,0.92,0.47000000000000003
OfficeHome,Softmax,ind_span,True,False,Product,Clipart,0.034482758620689655,0.9285714285714286,0.4815270935960591
OfficeHome,Softmax,ind_span,True,False,Product,Product,0.05454545454545454,0.9448275862068966,0.49968652037617556
OfficeHome,Softmax,val_optimal,False,False,Art,Art,0.85,0.36,0.605
OfficeHome,Softmax,val_optimal,False,False,Art,Clipart,0.72,0.36,0.54
OfficeHome,Softmax,val_optimal,False,False,Art,Product,0.76,0.36,0.56
OfficeHome,Softmax,val_optimal,False,False,Clipart,Art,0.41,0.41000000000000003,0.41000000000000003
OfficeHome,Softmax,val_optimal,False,False,Clipart,Clipart,0.65,0.41000000000000003,0.53
OfficeHome,Softmax,val_optimal,False,False,Clipart,Product,0.56,0.41000000000000003,0.48500000000000004
OfficeHome,Softmax,val_optimal,False,False,Product,Art,0.94,0.16000000000000003,0.55
OfficeHome,Softmax,val_optimal,False,False,Product,Clipart,0.84,0.16000000000000003,0.5
OfficeHome,Softmax,val_optimal,False,False,Product,Product,0.88,0.16000000000000003,0.52
OfficeHome,Softmax,ind_span,False,False,Art,Art,0.02,0.92,0.47000000000000003
OfficeHome,Softmax,ind_span,False,False,Art,Clipart,0.02,0.92,0.47000000000000003
OfficeHome,Softmax,ind_span,False,False,Art,Product,0.03,0.92,0.47500000000000003
OfficeHome,Softmax,ind_span,False,False,Clipart,Art,0.02,0.92,0.47000000000000003
OfficeHome,Softmax,ind_span,False,False,Clipart,Clipart,0.02,0.92,0.47000000000000003
OfficeHome,Softmax,ind_span,False,False,Clipart,Product,0.03,0.92,0.47500000000000003
OfficeHome,Softmax,ind_span,False,False,Product,Art,0.02,0.92,0.47000000000000003
OfficeHome,Softmax,ind_span,False,False,Product,Clipart,0.02,0.92,0.47000000000000003
OfficeHome,Softmax,ind_span,False,False,Product,Product,0.03,0.92,0.47500000000000003
