Dataset,feature_name,Threshold Method,OoD==f(x)=y,Performance Calibrated,OoD Shift,TPR
CCT,Energy,ind_span,False,False,OoD Test,0.986
CCT,Energy,ind_span,False,False,OoD Val,0.977
CCT,Energy,ind_span,False,False,brightness,0.627
CCT,Energy,ind_span,False,False,contrast,0.041
CCT,Energy,ind_span,False,False,hue,0.185
CCT,Energy,ind_span,False,False,multnoise,0.709
CCT,Energy,ind_span,False,False,noise,0.949
CCT,Energy,ind_span,False,False,saltpepper,0.715
CCT,Energy,ind_span,False,False,smear,0.224
CCT,Energy,ind_span,True,False,OoD Test,0.483
CCT,Energy,ind_span,True,False,OoD Val,0.418
CCT,Energy,ind_span,True,False,brightness,0.373
CCT,Energy,ind_span,True,False,contrast,0.959
CCT,Energy,ind_span,True,False,hue,0.249
CCT,Energy,ind_span,True,False,multnoise,0.707
CCT,Energy,ind_span,True,False,noise,0.949
CCT,Energy,ind_span,True,False,saltpepper,0.715
CCT,Energy,ind_span,True,False,smear,0.776
CCT,Energy,ind_span,True,True,OoD Test,0.490625
CCT,Energy,ind_span,True,True,OoD Val,0.454875
CCT,Energy,ind_span,True,True,brightness,0.58675
CCT,Energy,ind_span,True,True,contrast,0.9585
CCT,Energy,ind_span,True,True,hue,0.216375
CCT,Energy,ind_span,True,True,multnoise,0.703875
CCT,Energy,ind_span,True,True,noise,0.948
CCT,Energy,ind_span,True,True,saltpepper,0.690625
CCT,Energy,ind_span,True,True,smear,0.86625
CCT,Energy,val_optimal,False,False,OoD Test,0.497625
CCT,Energy,val_optimal,False,False,OoD Val,0.49575
CCT,Energy,val_optimal,False,False,brightness,0.378875
CCT,Energy,val_optimal,False,False,contrast,0.06675
CCT,Energy,val_optimal,False,False,hue,0.204125
CCT,Energy,val_optimal,False,False,multnoise,0.315
CCT,Energy,val_optimal,False,False,noise,0.370375
CCT,Energy,val_optimal,False,False,saltpepper,0.3425
CCT,Energy,val_optimal,False,False,smear,0.21125
CCT,Energy,val_optimal,True,False,OoD Test,0.499125
CCT,Energy,val_optimal,True,False,OoD Val,0.5015
CCT,Energy,val_optimal,True,False,brightness,0.621125
CCT,Energy,val_optimal,True,False,contrast,0.93325
CCT,Energy,val_optimal,True,False,hue,0.261875
CCT,Energy,val_optimal,True,False,multnoise,0.3155
CCT,Energy,val_optimal,True,False,noise,0.370375
CCT,Energy,val_optimal,True,False,saltpepper,0.3425
CCT,Energy,val_optimal,True,False,smear,0.78875
CCT,Energy,val_optimal,True,True,OoD Test,0.502625
CCT,Energy,val_optimal,True,True,OoD Val,0.52225
CCT,Energy,val_optimal,True,True,brightness,0.599
CCT,Energy,val_optimal,True,True,contrast,0.72725
CCT,Energy,val_optimal,True,True,hue,0.383625
CCT,Energy,val_optimal,True,True,multnoise,0.45075
CCT,Energy,val_optimal,True,True,noise,0.49625
CCT,Energy,val_optimal,True,True,saltpepper,0.466625
CCT,Energy,val_optimal,True,True,smear,0.653375
CCT,Entropy,ind_span,False,False,OoD Test,0.613
CCT,Entropy,ind_span,False,False,OoD Val,0.66
CCT,Entropy,ind_span,False,False,brightness,0.227
CCT,Entropy,ind_span,False,False,contrast,0.012
CCT,Entropy,ind_span,False,False,hue,0.284
CCT,Entropy,ind_span,False,False,multnoise,0.0
CCT,Entropy,ind_span,False,False,noise,0.97
CCT,Entropy,ind_span,False,False,saltpepper,0.0
CCT,Entropy,ind_span,False,False,smear,0.039
CCT,Entropy,ind_span,True,False,OoD Test,0.45
CCT,Entropy,ind_span,True,False,OoD Val,0.425
CCT,Entropy,ind_span,True,False,brightness,0.773
CCT,Entropy,ind_span,True,False,contrast,0.988
CCT,Entropy,ind_span,True,False,hue,0.343
CCT,Entropy,ind_span,True,False,multnoise,0.008
CCT,Entropy,ind_span,True,False,noise,0.97
CCT,Entropy,ind_span,True,False,saltpepper,0.0
CCT,Entropy,ind_span,True,False,smear,0.961
CCT,Entropy,ind_span,True,True,OoD Test,0.50075
CCT,Entropy,ind_span,True,True,OoD Val,0.489875
CCT,Entropy,ind_span,True,True,brightness,0.839
CCT,Entropy,ind_span,True,True,contrast,0.9925
CCT,Entropy,ind_span,True,True,hue,0.365625
CCT,Entropy,ind_span,True,True,multnoise,0.008
CCT,Entropy,ind_span,True,True,noise,0.911875
CCT,Entropy,ind_span,True,True,saltpepper,0.0
CCT,Entropy,ind_span,True,True,smear,0.974875
CCT,Entropy,val_optimal,False,False,OoD Test,0.4625
CCT,Entropy,val_optimal,False,False,OoD Val,0.45675
CCT,Entropy,val_optimal,False,False,brightness,0.362
CCT,Entropy,val_optimal,False,False,contrast,0.146875
CCT,Entropy,val_optimal,False,False,hue,0.32925
CCT,Entropy,val_optimal,False,False,multnoise,0.328375
CCT,Entropy,val_optimal,False,False,noise,0.375
CCT,Entropy,val_optimal,False,False,saltpepper,0.265875
CCT,Entropy,val_optimal,False,False,smear,0.248625
CCT,Entropy,val_optimal,True,False,OoD Test,0.51975
CCT,Entropy,val_optimal,True,False,OoD Val,0.51825
CCT,Entropy,val_optimal,True,False,brightness,0.638
CCT,Entropy,val_optimal,True,False,contrast,0.853125
CCT,Entropy,val_optimal,True,False,hue,0.3685
CCT,Entropy,val_optimal,True,False,multnoise,0.331875
CCT,Entropy,val_optimal,True,False,noise,0.375
CCT,Entropy,val_optimal,True,False,saltpepper,0.265875
CCT,Entropy,val_optimal,True,False,smear,0.751375
CCT,Entropy,val_optimal,True,True,OoD Test,0.62875
CCT,Entropy,val_optimal,True,True,OoD Val,0.669625
CCT,Entropy,val_optimal,True,True,brightness,0.822
CCT,Entropy,val_optimal,True,True,contrast,0.729125
CCT,Entropy,val_optimal,True,True,hue,0.560625
CCT,Entropy,val_optimal,True,True,multnoise,0.453875
CCT,Entropy,val_optimal,True,True,noise,0.747875
CCT,Entropy,val_optimal,True,True,saltpepper,0.38525
CCT,Entropy,val_optimal,True,True,smear,0.841625
CCT,GradNorm,ind_span,False,False,OoD Test,0.055
CCT,GradNorm,ind_span,False,False,OoD Val,0.045
CCT,GradNorm,ind_span,False,False,brightness,0.017
CCT,GradNorm,ind_span,False,False,contrast,0.024
CCT,GradNorm,ind_span,False,False,hue,0.408
CCT,GradNorm,ind_span,False,False,multnoise,1.0
CCT,GradNorm,ind_span,False,False,noise,0.346
CCT,GradNorm,ind_span,False,False,saltpepper,1.0
CCT,GradNorm,ind_span,False,False,smear,0.016
CCT,GradNorm,ind_span,True,False,OoD Test,0.669
CCT,GradNorm,ind_span,True,False,OoD Val,0.709
CCT,GradNorm,ind_span,True,False,brightness,0.983
CCT,GradNorm,ind_span,True,False,contrast,0.976
CCT,GradNorm,ind_span,True,False,hue,0.427
CCT,GradNorm,ind_span,True,False,multnoise,0.993
CCT,GradNorm,ind_span,True,False,noise,0.346
CCT,GradNorm,ind_span,True,False,saltpepper,1.0
CCT,GradNorm,ind_span,True,False,smear,0.984
CCT,GradNorm,ind_span,True,True,OoD Test,0.671625
CCT,GradNorm,ind_span,True,True,OoD Val,0.712125
CCT,GradNorm,ind_span,True,True,brightness,0.987625
CCT,GradNorm,ind_span,True,True,contrast,0.97425
CCT,GradNorm,ind_span,True,True,hue,0.436
CCT,GradNorm,ind_span,True,True,multnoise,0.993
CCT,GradNorm,ind_span,True,True,noise,0.32125
CCT,GradNorm,ind_span,True,True,saltpepper,1.0
CCT,GradNorm,ind_span,True,True,smear,0.98475
CCT,GradNorm,val_optimal,False,False,OoD Test,0.408125
CCT,GradNorm,val_optimal,False,False,OoD Val,0.403125
CCT,GradNorm,val_optimal,False,False,brightness,0.319625
CCT,GradNorm,val_optimal,False,False,contrast,0.265375
CCT,GradNorm,val_optimal,False,False,hue,0.1335
CCT,GradNorm,val_optimal,False,False,multnoise,0.75
CCT,GradNorm,val_optimal,False,False,noise,0.608
CCT,GradNorm,val_optimal,False,False,saltpepper,0.75
CCT,GradNorm,val_optimal,False,False,smear,0.170375
CCT,GradNorm,val_optimal,True,False,OoD Test,0.531875
CCT,GradNorm,val_optimal,True,False,OoD Val,0.550625
CCT,GradNorm,val_optimal,True,False,brightness,0.680375
CCT,GradNorm,val_optimal,True,False,contrast,0.734625
CCT,GradNorm,val_optimal,True,False,hue,0.24075
CCT,GradNorm,val_optimal,True,False,multnoise,0.7465
CCT,GradNorm,val_optimal,True,False,noise,0.608
CCT,GradNorm,val_optimal,True,False,saltpepper,0.75
CCT,GradNorm,val_optimal,True,False,smear,0.829625
CCT,GradNorm,val_optimal,True,True,OoD Test,0.609625
CCT,GradNorm,val_optimal,True,True,OoD Val,0.626375
CCT,GradNorm,val_optimal,True,True,brightness,0.75175
CCT,GradNorm,val_optimal,True,True,contrast,0.750375
CCT,GradNorm,val_optimal,True,True,hue,0.402375
CCT,GradNorm,val_optimal,True,True,multnoise,0.5
CCT,GradNorm,val_optimal,True,True,noise,0.278125
CCT,GradNorm,val_optimal,True,True,saltpepper,0.5
CCT,GradNorm,val_optimal,True,True,smear,0.754
CCT,Softmax,ind_span,False,False,OoD Test,0.95
CCT,Softmax,ind_span,False,False,OoD Val,0.925
CCT,Softmax,ind_span,False,False,brightness,0.532
CCT,Softmax,ind_span,False,False,contrast,0.021
CCT,Softmax,ind_span,False,False,hue,0.023
CCT,Softmax,ind_span,False,False,multnoise,0.28
CCT,Softmax,ind_span,False,False,noise,0.034
CCT,Softmax,ind_span,False,False,saltpepper,0.73
CCT,Softmax,ind_span,False,False,smear,0.09
CCT,Softmax,ind_span,True,False,OoD Test,0.418
CCT,Softmax,ind_span,True,False,OoD Val,0.407
CCT,Softmax,ind_span,True,False,brightness,0.469
CCT,Softmax,ind_span,True,False,contrast,0.979
CCT,Softmax,ind_span,True,False,hue,0.131
CCT,Softmax,ind_span,True,False,multnoise,0.285
CCT,Softmax,ind_span,True,False,noise,0.034
CCT,Softmax,ind_span,True,False,saltpepper,0.73
CCT,Softmax,ind_span,True,False,smear,0.91
CCT,Softmax,ind_span,True,True,OoD Test,0.457625
CCT,Softmax,ind_span,True,True,OoD Val,0.456
CCT,Softmax,ind_span,True,True,brightness,0.637875
CCT,Softmax,ind_span,True,True,contrast,0.974875
CCT,Softmax,ind_span,True,True,hue,0.12625
CCT,Softmax,ind_span,True,True,multnoise,0.164
CCT,Softmax,ind_span,True,True,noise,0.027125
CCT,Softmax,ind_span,True,True,saltpepper,0.428125
CCT,Softmax,ind_span,True,True,smear,0.943125
CCT,Softmax,val_optimal,False,False,OoD Test,0.870375
CCT,Softmax,val_optimal,False,False,OoD Val,0.866125
CCT,Softmax,val_optimal,False,False,brightness,0.74375
CCT,Softmax,val_optimal,False,False,contrast,0.174
CCT,Softmax,val_optimal,False,False,hue,0.25
CCT,Softmax,val_optimal,False,False,multnoise,0.61825
CCT,Softmax,val_optimal,False,False,noise,0.288625
CCT,Softmax,val_optimal,False,False,saltpepper,0.826875
CCT,Softmax,val_optimal,False,False,smear,0.416125
CCT,Softmax,val_optimal,True,False,OoD Test,0.432875
CCT,Softmax,val_optimal,True,False,OoD Val,0.419375
CCT,Softmax,val_optimal,True,False,brightness,0.257
CCT,Softmax,val_optimal,True,False,contrast,0.826
CCT,Softmax,val_optimal,True,False,hue,0.311
CCT,Softmax,val_optimal,True,False,multnoise,0.61725
CCT,Softmax,val_optimal,True,False,noise,0.288625
CCT,Softmax,val_optimal,True,False,saltpepper,0.826875
CCT,Softmax,val_optimal,True,False,smear,0.583875
CCT,Softmax,val_optimal,True,True,OoD Test,0.454875
CCT,Softmax,val_optimal,True,True,OoD Val,0.445875
CCT,Softmax,val_optimal,True,True,brightness,0.232
CCT,Softmax,val_optimal,True,True,contrast,0.673625
CCT,Softmax,val_optimal,True,True,hue,0.423875
CCT,Softmax,val_optimal,True,True,multnoise,0.600125
CCT,Softmax,val_optimal,True,True,noise,0.400375
CCT,Softmax,val_optimal,True,True,saltpepper,0.720125
CCT,Softmax,val_optimal,True,True,smear,0.4795
CCT,Typicality,ind_span,False,False,OoD Test,0.189
CCT,Typicality,ind_span,False,False,OoD Val,0.148
CCT,Typicality,ind_span,False,False,brightness,0.099
CCT,Typicality,ind_span,False,False,contrast,0.023
CCT,Typicality,ind_span,False,False,hue,0.016
CCT,Typicality,ind_span,False,False,multnoise,1.0
CCT,Typicality,ind_span,False,False,noise,1.0
CCT,Typicality,ind_span,False,False,saltpepper,1.0
CCT,Typicality,ind_span,False,False,smear,0.027
CCT,Typicality,ind_span,True,False,OoD Test,0.548
CCT,Typicality,ind_span,True,False,OoD Val,0.578
CCT,Typicality,ind_span,True,False,brightness,0.901
CCT,Typicality,ind_span,True,False,contrast,0.977
CCT,Typicality,ind_span,True,False,hue,0.109
CCT,Typicality,ind_span,True,False,multnoise,0.998
CCT,Typicality,ind_span,True,False,noise,1.0
CCT,Typicality,ind_span,True,False,saltpepper,1.0
CCT,Typicality,ind_span,True,False,smear,0.973
CCT,Typicality,ind_span,True,True,OoD Test,0.54375
CCT,Typicality,ind_span,True,True,OoD Val,0.582
CCT,Typicality,ind_span,True,True,brightness,0.91175
CCT,Typicality,ind_span,True,True,contrast,0.976375
CCT,Typicality,ind_span,True,True,hue,0.110375
CCT,Typicality,ind_span,True,True,multnoise,0.998
CCT,Typicality,ind_span,True,True,noise,1.0
CCT,Typicality,ind_span,True,True,saltpepper,1.0
CCT,Typicality,ind_span,True,True,smear,0.9685
CCT,Typicality,val_optimal,False,False,OoD Test,0.250625
CCT,Typicality,val_optimal,False,False,OoD Val,0.251
CCT,Typicality,val_optimal,False,False,brightness,0.235625
CCT,Typicality,val_optimal,False,False,contrast,0.239375
CCT,Typicality,val_optimal,False,False,hue,0.230375
CCT,Typicality,val_optimal,False,False,multnoise,0.625
CCT,Typicality,val_optimal,False,False,noise,0.625
CCT,Typicality,val_optimal,False,False,saltpepper,0.625
CCT,Typicality,val_optimal,False,False,smear,0.255625
CCT,Typicality,val_optimal,True,False,OoD Test,0.523125
CCT,Typicality,val_optimal,True,False,OoD Val,0.5445
CCT,Typicality,val_optimal,True,False,brightness,0.764375
CCT,Typicality,val_optimal,True,False,contrast,0.760625
CCT,Typicality,val_optimal,True,False,hue,0.282875
CCT,Typicality,val_optimal,True,False,multnoise,0.6245
CCT,Typicality,val_optimal,True,False,noise,0.625
CCT,Typicality,val_optimal,True,False,saltpepper,0.625
CCT,Typicality,val_optimal,True,False,smear,0.744375
CCT,Typicality,val_optimal,True,True,OoD Test,0.514125
CCT,Typicality,val_optimal,True,True,OoD Val,0.51775
CCT,Typicality,val_optimal,True,True,brightness,0.604625
CCT,Typicality,val_optimal,True,True,contrast,0.706625
CCT,Typicality,val_optimal,True,True,hue,0.299125
CCT,Typicality,val_optimal,True,True,multnoise,0.5
CCT,Typicality,val_optimal,True,True,noise,0.5
CCT,Typicality,val_optimal,True,True,saltpepper,0.5
CCT,Typicality,val_optimal,True,True,smear,0.72025
CCT,kNN,ind_span,False,False,OoD Test,1.0
CCT,kNN,ind_span,False,False,OoD Val,1.0
CCT,kNN,ind_span,False,False,brightness,1.0
CCT,kNN,ind_span,False,False,contrast,0.001
CCT,kNN,ind_span,False,False,hue,0.999
CCT,kNN,ind_span,False,False,multnoise,1.0
CCT,kNN,ind_span,False,False,noise,1.0
CCT,kNN,ind_span,False,False,saltpepper,1.0
CCT,kNN,ind_span,False,False,smear,0.971
CCT,kNN,ind_span,True,False,OoD Test,0.501
CCT,kNN,ind_span,True,False,OoD Val,0.464
CCT,kNN,ind_span,True,False,brightness,0.0
CCT,kNN,ind_span,True,False,contrast,0.999
CCT,kNN,ind_span,True,False,hue,0.904
CCT,kNN,ind_span,True,False,multnoise,0.998
CCT,kNN,ind_span,True,False,noise,1.0
CCT,kNN,ind_span,True,False,saltpepper,1.0
CCT,kNN,ind_span,True,False,smear,0.029
CCT,kNN,ind_span,True,True,OoD Test,0.496875
CCT,kNN,ind_span,True,True,OoD Val,0.487625
CCT,kNN,ind_span,True,True,brightness,0.380125
CCT,kNN,ind_span,True,True,contrast,0.999375
CCT,kNN,ind_span,True,True,hue,0.75975
CCT,kNN,ind_span,True,True,multnoise,0.997875
CCT,kNN,ind_span,True,True,noise,1.0
CCT,kNN,ind_span,True,True,saltpepper,1.0
CCT,kNN,ind_span,True,True,smear,0.512125
CCT,kNN,val_optimal,False,False,OoD Test,0.66375
CCT,kNN,val_optimal,False,False,OoD Val,0.6615
CCT,kNN,val_optimal,False,False,brightness,0.622875
CCT,kNN,val_optimal,False,False,contrast,0.000375
CCT,kNN,val_optimal,False,False,hue,0.79775
CCT,kNN,val_optimal,False,False,multnoise,1.0
CCT,kNN,val_optimal,False,False,noise,1.0
CCT,kNN,val_optimal,False,False,saltpepper,1.0
CCT,kNN,val_optimal,False,False,smear,0.297625
CCT,kNN,val_optimal,True,False,OoD Test,0.49575
CCT,kNN,val_optimal,True,False,OoD Val,0.488
CCT,kNN,val_optimal,True,False,brightness,0.377125
CCT,kNN,val_optimal,True,False,contrast,0.999625
CCT,kNN,val_optimal,True,False,hue,0.74275
CCT,kNN,val_optimal,True,False,multnoise,0.998
CCT,kNN,val_optimal,True,False,noise,1.0
CCT,kNN,val_optimal,True,False,saltpepper,1.0
CCT,kNN,val_optimal,True,False,smear,0.702375
CCT,kNN,val_optimal,True,True,OoD Test,0.50025
CCT,kNN,val_optimal,True,True,OoD Val,0.49075
CCT,kNN,val_optimal,True,True,brightness,0.272375
CCT,kNN,val_optimal,True,True,contrast,0.75075
CCT,kNN,val_optimal,True,True,hue,0.591
CCT,kNN,val_optimal,True,True,multnoise,0.6245
CCT,kNN,val_optimal,True,True,noise,0.625
CCT,kNN,val_optimal,True,True,saltpepper,0.625
CCT,kNN,val_optimal,True,True,smear,0.727875
NICO,Energy,ind_span,False,False,autumn,1.0
NICO,Energy,ind_span,False,False,brightness,0.051
NICO,Energy,ind_span,False,False,contrast,0.015
NICO,Energy,ind_span,False,False,grass,1.0
NICO,Energy,ind_span,False,False,hue,1.0
NICO,Energy,ind_span,False,False,multnoise,0.079
NICO,Energy,ind_span,False,False,noise,0.849
NICO,Energy,ind_span,False,False,outdoor,0.942
NICO,Energy,ind_span,False,False,rock,1.0
NICO,Energy,ind_span,False,False,saltpepper,1.0
NICO,Energy,ind_span,False,False,smear,0.017
NICO,Energy,ind_span,False,False,water,1.0
NICO,Energy,ind_span,True,False,autumn,1.0
NICO,Energy,ind_span,True,False,brightness,0.808
NICO,Energy,ind_span,True,False,contrast,0.929
NICO,Energy,ind_span,True,False,grass,1.0
NICO,Energy,ind_span,True,False,hue,1.0
NICO,Energy,ind_span,True,False,multnoise,0.079
NICO,Energy,ind_span,True,False,noise,0.849
NICO,Energy,ind_span,True,False,outdoor,0.942
NICO,Energy,ind_span,True,False,rock,1.0
NICO,Energy,ind_span,True,False,saltpepper,1.0
NICO,Energy,ind_span,True,False,smear,0.876
NICO,Energy,ind_span,True,False,water,1.0
NICO,Energy,ind_span,True,True,autumn,1.0
NICO,Energy,ind_span,True,True,brightness,0.8030909090909091
NICO,Energy,ind_span,True,True,contrast,0.9281818181818182
NICO,Energy,ind_span,True,True,grass,1.0
NICO,Energy,ind_span,True,True,hue,1.0
NICO,Energy,ind_span,True,True,multnoise,0.08009090909090909
NICO,Energy,ind_span,True,True,noise,0.8423636363636363
NICO,Energy,ind_span,True,True,outdoor,0.944
NICO,Energy,ind_span,True,True,rock,1.0
NICO,Energy,ind_span,True,True,saltpepper,1.0
NICO,Energy,ind_span,True,True,smear,0.8746363636363637
NICO,Energy,ind_span,True,True,water,1.0
NICO,Energy,val_optimal,False,False,autumn,0.635090909090909
NICO,Energy,val_optimal,False,False,brightness,0.10918181818181819
NICO,Energy,val_optimal,False,False,contrast,0.10045454545454545
NICO,Energy,val_optimal,False,False,grass,0.6363636363636364
NICO,Energy,val_optimal,False,False,hue,0.6362727272727273
NICO,Energy,val_optimal,False,False,multnoise,0.11118181818181819
NICO,Energy,val_optimal,False,False,noise,0.18409090909090908
NICO,Energy,val_optimal,False,False,outdoor,0.5244545454545455
NICO,Energy,val_optimal,False,False,rock,0.6363636363636364
NICO,Energy,val_optimal,False,False,saltpepper,0.2727272727272727
NICO,Energy,val_optimal,False,False,smear,0.10081818181818182
NICO,Energy,val_optimal,False,False,water,0.6361818181818182
NICO,Energy,val_optimal,True,False,autumn,0.635090909090909
NICO,Energy,val_optimal,True,False,brightness,0.7669090909090909
NICO,Energy,val_optimal,True,False,contrast,0.8553636363636363
NICO,Energy,val_optimal,True,False,grass,0.6363636363636364
NICO,Energy,val_optimal,True,False,hue,0.6362727272727273
NICO,Energy,val_optimal,True,False,multnoise,0.11118181818181819
NICO,Energy,val_optimal,True,False,noise,0.18409090909090908
NICO,Energy,val_optimal,True,False,outdoor,0.5244545454545455
NICO,Energy,val_optimal,True,False,rock,0.6363636363636364
NICO,Energy,val_optimal,True,False,saltpepper,0.2727272727272727
NICO,Energy,val_optimal,True,False,smear,0.8092727272727273
NICO,Energy,val_optimal,True,False,water,0.6361818181818182
NICO,Energy,val_optimal,True,True,autumn,0.45254545454545453
NICO,Energy,val_optimal,True,True,brightness,0.6771818181818182
NICO,Energy,val_optimal,True,True,contrast,0.8075454545454546
NICO,Energy,val_optimal,True,True,grass,0.45454545454545453
NICO,Energy,val_optimal,True,True,hue,0.4540909090909091
NICO,Energy,val_optimal,True,True,multnoise,0.2782727272727273
NICO,Energy,val_optimal,True,True,noise,0.38136363636363635
NICO,Energy,val_optimal,True,True,outdoor,0.3241818181818182
NICO,Energy,val_optimal,True,True,rock,0.45454545454545453
NICO,Energy,val_optimal,True,True,saltpepper,0.45454545454545453
NICO,Energy,val_optimal,True,True,smear,0.8035454545454546
NICO,Energy,val_optimal,True,True,water,0.4541818181818182
NICO,Entropy,ind_span,False,False,autumn,1.0
NICO,Entropy,ind_span,False,False,brightness,0.519
NICO,Entropy,ind_span,False,False,contrast,0.016
NICO,Entropy,ind_span,False,False,grass,1.0
NICO,Entropy,ind_span,False,False,hue,1.0
NICO,Entropy,ind_span,False,False,multnoise,1.0
NICO,Entropy,ind_span,False,False,noise,1.0
NICO,Entropy,ind_span,False,False,outdoor,1.0
NICO,Entropy,ind_span,False,False,rock,1.0
NICO,Entropy,ind_span,False,False,saltpepper,0.997
NICO,Entropy,ind_span,False,False,smear,0.83
NICO,Entropy,ind_span,False,False,water,1.0
NICO,Entropy,ind_span,True,False,autumn,1.0
NICO,Entropy,ind_span,True,False,brightness,0.49
NICO,Entropy,ind_span,True,False,contrast,0.96
NICO,Entropy,ind_span,True,False,grass,1.0
NICO,Entropy,ind_span,True,False,hue,1.0
NICO,Entropy,ind_span,True,False,multnoise,1.0
NICO,Entropy,ind_span,True,False,noise,1.0
NICO,Entropy,ind_span,True,False,outdoor,1.0
NICO,Entropy,ind_span,True,False,rock,1.0
NICO,Entropy,ind_span,True,False,saltpepper,0.997
NICO,Entropy,ind_span,True,False,smear,0.226
NICO,Entropy,ind_span,True,False,water,1.0
NICO,Entropy,ind_span,True,True,autumn,1.0
NICO,Entropy,ind_span,True,True,brightness,0.527090909090909
NICO,Entropy,ind_span,True,True,contrast,0.9588181818181818
NICO,Entropy,ind_span,True,True,grass,1.0
NICO,Entropy,ind_span,True,True,hue,0.983
NICO,Entropy,ind_span,True,True,multnoise,1.0
NICO,Entropy,ind_span,True,True,noise,1.0
NICO,Entropy,ind_span,True,True,outdoor,1.0
NICO,Entropy,ind_span,True,True,rock,1.0
NICO,Entropy,ind_span,True,True,saltpepper,0.8256363636363636
NICO,Entropy,ind_span,True,True,smear,0.2781818181818182
NICO,Entropy,ind_span,True,True,water,1.0
NICO,Entropy,val_optimal,False,False,autumn,0.9090909090909091
NICO,Entropy,val_optimal,False,False,brightness,0.20554545454545456
NICO,Entropy,val_optimal,False,False,contrast,0.013181818181818182
NICO,Entropy,val_optimal,False,False,grass,0.9090909090909091
NICO,Entropy,val_optimal,False,False,hue,0.8999090909090909
NICO,Entropy,val_optimal,False,False,multnoise,0.9090909090909091
NICO,Entropy,val_optimal,False,False,noise,0.9090909090909091
NICO,Entropy,val_optimal,False,False,outdoor,0.9090909090909091
NICO,Entropy,val_optimal,False,False,rock,0.9090909090909091
NICO,Entropy,val_optimal,False,False,saltpepper,0.5658181818181818
NICO,Entropy,val_optimal,False,False,smear,0.41854545454545455
NICO,Entropy,val_optimal,False,False,water,0.9090909090909091
NICO,Entropy,val_optimal,True,False,autumn,0.9090909090909091
NICO,Entropy,val_optimal,True,False,brightness,0.7421818181818182
NICO,Entropy,val_optimal,True,False,contrast,0.9635454545454546
NICO,Entropy,val_optimal,True,False,grass,0.9090909090909091
NICO,Entropy,val_optimal,True,False,hue,0.8999090909090909
NICO,Entropy,val_optimal,True,False,multnoise,0.9090909090909091
NICO,Entropy,val_optimal,True,False,noise,0.9090909090909091
NICO,Entropy,val_optimal,True,False,outdoor,0.9090909090909091
NICO,Entropy,val_optimal,True,False,rock,0.9090909090909091
NICO,Entropy,val_optimal,True,False,saltpepper,0.5658181818181818
NICO,Entropy,val_optimal,True,False,smear,0.5689090909090909
NICO,Entropy,val_optimal,True,False,water,0.9090909090909091
NICO,Entropy,val_optimal,True,True,autumn,0.9090909090909091
NICO,Entropy,val_optimal,True,True,brightness,0.6702727272727272
NICO,Entropy,val_optimal,True,True,contrast,0.9693636363636363
NICO,Entropy,val_optimal,True,True,grass,0.9090909090909091
NICO,Entropy,val_optimal,True,True,hue,0.9087272727272727
NICO,Entropy,val_optimal,True,True,multnoise,0.9090909090909091
NICO,Entropy,val_optimal,True,True,noise,0.9090909090909091
NICO,Entropy,val_optimal,True,True,outdoor,0.9090909090909091
NICO,Entropy,val_optimal,True,True,rock,0.9090909090909091
NICO,Entropy,val_optimal,True,True,saltpepper,0.8626363636363636
NICO,Entropy,val_optimal,True,True,smear,0.42209090909090907
NICO,Entropy,val_optimal,True,True,water,0.9090909090909091
NICO,GradNorm,ind_span,False,False,autumn,1.0
NICO,GradNorm,ind_span,False,False,brightness,0.074
NICO,GradNorm,ind_span,False,False,contrast,0.025
NICO,GradNorm,ind_span,False,False,grass,1.0
NICO,GradNorm,ind_span,False,False,hue,0.994
NICO,GradNorm,ind_span,False,False,multnoise,1.0
NICO,GradNorm,ind_span,False,False,noise,1.0
NICO,GradNorm,ind_span,False,False,outdoor,1.0
NICO,GradNorm,ind_span,False,False,rock,1.0
NICO,GradNorm,ind_span,False,False,saltpepper,1.0
NICO,GradNorm,ind_span,False,False,smear,0.029
NICO,GradNorm,ind_span,False,False,water,1.0
NICO,GradNorm,ind_span,True,False,autumn,1.0
NICO,GradNorm,ind_span,True,False,brightness,0.833
NICO,GradNorm,ind_span,True,False,contrast,0.942
NICO,GradNorm,ind_span,True,False,grass,1.0
NICO,GradNorm,ind_span,True,False,hue,0.994
NICO,GradNorm,ind_span,True,False,multnoise,1.0
NICO,GradNorm,ind_span,True,False,noise,1.0
NICO,GradNorm,ind_span,True,False,outdoor,1.0
NICO,GradNorm,ind_span,True,False,rock,1.0
NICO,GradNorm,ind_span,True,False,saltpepper,1.0
NICO,GradNorm,ind_span,True,False,smear,0.895
NICO,GradNorm,ind_span,True,False,water,1.0
NICO,GradNorm,ind_span,True,True,autumn,1.0
NICO,GradNorm,ind_span,True,True,brightness,0.8330909090909091
NICO,GradNorm,ind_span,True,True,contrast,0.9403636363636364
NICO,GradNorm,ind_span,True,True,grass,1.0
NICO,GradNorm,ind_span,True,True,hue,0.994
NICO,GradNorm,ind_span,True,True,multnoise,1.0
NICO,GradNorm,ind_span,True,True,noise,1.0
NICO,GradNorm,ind_span,True,True,outdoor,1.0
NICO,GradNorm,ind_span,True,True,rock,1.0
NICO,GradNorm,ind_span,True,True,saltpepper,1.0
NICO,GradNorm,ind_span,True,True,smear,0.8908181818181818
NICO,GradNorm,ind_span,True,True,water,1.0
NICO,GradNorm,val_optimal,False,False,autumn,0.8180909090909091
NICO,GradNorm,val_optimal,False,False,brightness,0.09363636363636364
NICO,GradNorm,val_optimal,False,False,contrast,0.07954545454545454
NICO,GradNorm,val_optimal,False,False,grass,0.8181818181818182
NICO,GradNorm,val_optimal,False,False,hue,0.605909090909091
NICO,GradNorm,val_optimal,False,False,multnoise,0.8181818181818182
NICO,GradNorm,val_optimal,False,False,noise,0.8181818181818182
NICO,GradNorm,val_optimal,False,False,outdoor,0.8181818181818182
NICO,GradNorm,val_optimal,False,False,rock,0.8177272727272727
NICO,GradNorm,val_optimal,False,False,saltpepper,0.8181818181818182
NICO,GradNorm,val_optimal,False,False,smear,0.057272727272727274
NICO,GradNorm,val_optimal,False,False,water,0.8175454545454546
NICO,GradNorm,val_optimal,True,False,autumn,0.8180909090909091
NICO,GradNorm,val_optimal,True,False,brightness,0.8211818181818182
NICO,GradNorm,val_optimal,True,False,contrast,0.8909090909090909
NICO,GradNorm,val_optimal,True,False,grass,0.8181818181818182
NICO,GradNorm,val_optimal,True,False,hue,0.605909090909091
NICO,GradNorm,val_optimal,True,False,multnoise,0.8181818181818182
NICO,GradNorm,val_optimal,True,False,noise,0.8181818181818182
NICO,GradNorm,val_optimal,True,False,outdoor,0.8181818181818182
NICO,GradNorm,val_optimal,True,False,rock,0.8177272727272727
NICO,GradNorm,val_optimal,True,False,saltpepper,0.8181818181818182
NICO,GradNorm,val_optimal,True,False,smear,0.8727272727272727
NICO,GradNorm,val_optimal,True,False,water,0.8175454545454546
NICO,GradNorm,val_optimal,True,True,autumn,0.7272727272727273
NICO,GradNorm,val_optimal,True,True,brightness,0.7868181818181819
NICO,GradNorm,val_optimal,True,True,contrast,0.8873636363636364
NICO,GradNorm,val_optimal,True,True,grass,0.7272727272727273
NICO,GradNorm,val_optimal,True,True,hue,0.6848181818181818
NICO,GradNorm,val_optimal,True,True,multnoise,0.7272727272727273
NICO,GradNorm,val_optimal,True,True,noise,0.7272727272727273
NICO,GradNorm,val_optimal,True,True,outdoor,0.7272727272727273
NICO,GradNorm,val_optimal,True,True,rock,0.7272727272727273
NICO,GradNorm,val_optimal,True,True,saltpepper,0.7272727272727273
NICO,GradNorm,val_optimal,True,True,smear,0.8726363636363637
NICO,GradNorm,val_optimal,True,True,water,0.7272727272727273
NICO,Softmax,ind_span,False,False,autumn,1.0
NICO,Softmax,ind_span,False,False,brightness,0.055
NICO,Softmax,ind_span,False,False,contrast,0.027
NICO,Softmax,ind_span,False,False,grass,1.0
NICO,Softmax,ind_span,False,False,hue,1.0
NICO,Softmax,ind_span,False,False,multnoise,1.0
NICO,Softmax,ind_span,False,False,noise,1.0
NICO,Softmax,ind_span,False,False,outdoor,1.0
NICO,Softmax,ind_span,False,False,rock,1.0
NICO,Softmax,ind_span,False,False,saltpepper,1.0
NICO,Softmax,ind_span,False,False,smear,0.037
NICO,Softmax,ind_span,False,False,water,1.0
NICO,Softmax,ind_span,True,False,autumn,1.0
NICO,Softmax,ind_span,True,False,brightness,0.828
NICO,Softmax,ind_span,True,False,contrast,0.943
NICO,Softmax,ind_span,True,False,grass,1.0
NICO,Softmax,ind_span,True,False,hue,1.0
NICO,Softmax,ind_span,True,False,multnoise,1.0
NICO,Softmax,ind_span,True,False,noise,1.0
NICO,Softmax,ind_span,True,False,outdoor,1.0
NICO,Softmax,ind_span,True,False,rock,1.0
NICO,Softmax,ind_span,True,False,saltpepper,1.0
NICO,Softmax,ind_span,True,False,smear,0.877
NICO,Softmax,ind_span,True,False,water,1.0
NICO,Softmax,ind_span,True,True,autumn,1.0
NICO,Softmax,ind_span,True,True,brightness,0.8306363636363636
NICO,Softmax,ind_span,True,True,contrast,0.9414545454545454
NICO,Softmax,ind_span,True,True,grass,1.0
NICO,Softmax,ind_span,True,True,hue,0.9998181818181818
NICO,Softmax,ind_span,True,True,multnoise,1.0
NICO,Softmax,ind_span,True,True,noise,1.0
NICO,Softmax,ind_span,True,True,outdoor,1.0
NICO,Softmax,ind_span,True,True,rock,1.0
NICO,Softmax,ind_span,True,True,saltpepper,1.0
NICO,Softmax,ind_span,True,True,smear,0.8806363636363637
NICO,Softmax,ind_span,True,True,water,1.0
NICO,Softmax,val_optimal,False,False,autumn,0.9983636363636363
NICO,Softmax,val_optimal,False,False,brightness,0.11763636363636364
NICO,Softmax,val_optimal,False,False,contrast,0.0669090909090909
NICO,Softmax,val_optimal,False,False,grass,0.9936363636363637
NICO,Softmax,val_optimal,False,False,hue,0.5126363636363637
NICO,Softmax,val_optimal,False,False,multnoise,0.9873636363636363
NICO,Softmax,val_optimal,False,False,noise,0.984909090909091
NICO,Softmax,val_optimal,False,False,outdoor,0.9764545454545455
NICO,Softmax,val_optimal,False,False,rock,0.9930909090909091
NICO,Softmax,val_optimal,False,False,saltpepper,0.873
NICO,Softmax,val_optimal,False,False,smear,0.11218181818181819
NICO,Softmax,val_optimal,False,False,water,0.9970909090909091
NICO,Softmax,val_optimal,True,False,autumn,0.9983636363636363
NICO,Softmax,val_optimal,True,False,brightness,0.7871818181818182
NICO,Softmax,val_optimal,True,False,contrast,0.9070909090909091
NICO,Softmax,val_optimal,True,False,grass,0.9936363636363637
NICO,Softmax,val_optimal,True,False,hue,0.5126363636363637
NICO,Softmax,val_optimal,True,False,multnoise,0.9873636363636363
NICO,Softmax,val_optimal,True,False,noise,0.984909090909091
NICO,Softmax,val_optimal,True,False,outdoor,0.9764545454545455
NICO,Softmax,val_optimal,True,False,rock,0.9930909090909091
NICO,Softmax,val_optimal,True,False,saltpepper,0.873
NICO,Softmax,val_optimal,True,False,smear,0.8178181818181818
NICO,Softmax,val_optimal,True,False,water,0.9970909090909091
NICO,Softmax,val_optimal,True,True,autumn,0.8181818181818182
NICO,Softmax,val_optimal,True,True,brightness,0.7964545454545454
NICO,Softmax,val_optimal,True,True,contrast,0.837
NICO,Softmax,val_optimal,True,True,grass,0.8181818181818182
NICO,Softmax,val_optimal,True,True,hue,0.8162727272727273
NICO,Softmax,val_optimal,True,True,multnoise,0.8181818181818182
NICO,Softmax,val_optimal,True,True,noise,0.8181818181818182
NICO,Softmax,val_optimal,True,True,outdoor,0.8181818181818182
NICO,Softmax,val_optimal,True,True,rock,0.8181818181818182
NICO,Softmax,val_optimal,True,True,saltpepper,0.8181818181818182
NICO,Softmax,val_optimal,True,True,smear,0.8329090909090909
NICO,Softmax,val_optimal,True,True,water,0.8181818181818182
NICO,Typicality,ind_span,False,False,autumn,0.004
NICO,Typicality,ind_span,False,False,brightness,0.968
NICO,Typicality,ind_span,False,False,contrast,0.019
NICO,Typicality,ind_span,False,False,grass,0.971
NICO,Typicality,ind_span,False,False,hue,0.109
NICO,Typicality,ind_span,False,False,multnoise,1.0
NICO,Typicality,ind_span,False,False,noise,1.0
NICO,Typicality,ind_span,False,False,outdoor,0.028
NICO,Typicality,ind_span,False,False,rock,0.006
NICO,Typicality,ind_span,False,False,saltpepper,1.0
NICO,Typicality,ind_span,False,False,smear,0.037
NICO,Typicality,ind_span,False,False,water,0.008
NICO,Typicality,ind_span,True,False,autumn,0.004
NICO,Typicality,ind_span,True,False,brightness,0.174
NICO,Typicality,ind_span,True,False,contrast,0.936
NICO,Typicality,ind_span,True,False,grass,0.971
NICO,Typicality,ind_span,True,False,hue,0.109
NICO,Typicality,ind_span,True,False,multnoise,1.0
NICO,Typicality,ind_span,True,False,noise,1.0
NICO,Typicality,ind_span,True,False,outdoor,0.028
NICO,Typicality,ind_span,True,False,rock,0.006
NICO,Typicality,ind_span,True,False,saltpepper,1.0
NICO,Typicality,ind_span,True,False,smear,0.871
NICO,Typicality,ind_span,True,False,water,0.008
NICO,Typicality,ind_span,True,True,autumn,0.003727272727272727
NICO,Typicality,ind_span,True,True,brightness,0.17881818181818182
NICO,Typicality,ind_span,True,True,contrast,0.9369090909090909
NICO,Typicality,ind_span,True,True,grass,0.9714545454545455
NICO,Typicality,ind_span,True,True,hue,0.08681818181818182
NICO,Typicality,ind_span,True,True,multnoise,1.0
NICO,Typicality,ind_span,True,True,noise,1.0
NICO,Typicality,ind_span,True,True,outdoor,0.030272727272727274
NICO,Typicality,ind_span,True,True,rock,0.006545454545454545
NICO,Typicality,ind_span,True,True,saltpepper,1.0
NICO,Typicality,ind_span,True,True,smear,0.8738181818181818
NICO,Typicality,ind_span,True,True,water,0.0076363636363636364
NICO,Typicality,val_optimal,False,False,autumn,0.24618181818181817
NICO,Typicality,val_optimal,False,False,brightness,0.36363636363636365
NICO,Typicality,val_optimal,False,False,contrast,0.2767272727272727
NICO,Typicality,val_optimal,False,False,grass,0.3080909090909091
NICO,Typicality,val_optimal,False,False,hue,0.29109090909090907
NICO,Typicality,val_optimal,False,False,multnoise,0.4742727272727273
NICO,Typicality,val_optimal,False,False,noise,0.5454545454545454
NICO,Typicality,val_optimal,False,False,outdoor,0.2591818181818182
NICO,Typicality,val_optimal,False,False,rock,0.2696363636363636
NICO,Typicality,val_optimal,False,False,saltpepper,0.5454545454545454
NICO,Typicality,val_optimal,False,False,smear,0.27945454545454546
NICO,Typicality,val_optimal,False,False,water,0.2647272727272727
NICO,Typicality,val_optimal,True,False,autumn,0.24618181818181817
NICO,Typicality,val_optimal,True,False,brightness,0.5949090909090909
NICO,Typicality,val_optimal,True,False,contrast,0.7020909090909091
NICO,Typicality,val_optimal,True,False,grass,0.3080909090909091
NICO,Typicality,val_optimal,True,False,hue,0.29109090909090907
NICO,Typicality,val_optimal,True,False,multnoise,0.4742727272727273
NICO,Typicality,val_optimal,True,False,noise,0.5454545454545454
NICO,Typicality,val_optimal,True,False,outdoor,0.2591818181818182
NICO,Typicality,val_optimal,True,False,rock,0.2696363636363636
NICO,Typicality,val_optimal,True,False,saltpepper,0.5454545454545454
NICO,Typicality,val_optimal,True,False,smear,0.6727272727272727
NICO,Typicality,val_optimal,True,False,water,0.2647272727272727
NICO,Typicality,val_optimal,True,True,autumn,0.31381818181818183
NICO,Typicality,val_optimal,True,True,brightness,0.5316363636363637
NICO,Typicality,val_optimal,True,True,contrast,0.6682727272727272
NICO,Typicality,val_optimal,True,True,grass,0.3431818181818182
NICO,Typicality,val_optimal,True,True,hue,0.37072727272727274
NICO,Typicality,val_optimal,True,True,multnoise,0.45454545454545453
NICO,Typicality,val_optimal,True,True,noise,0.45454545454545453
NICO,Typicality,val_optimal,True,True,outdoor,0.25581818181818183
NICO,Typicality,val_optimal,True,True,rock,0.31536363636363635
NICO,Typicality,val_optimal,True,True,saltpepper,0.45454545454545453
NICO,Typicality,val_optimal,True,True,smear,0.6261818181818182
NICO,Typicality,val_optimal,True,True,water,0.3400909090909091
NICO,kNN,ind_span,False,False,autumn,1.0
NICO,kNN,ind_span,False,False,brightness,0.01
NICO,kNN,ind_span,False,False,contrast,0.018
NICO,kNN,ind_span,False,False,grass,1.0
NICO,kNN,ind_span,False,False,hue,1.0
NICO,kNN,ind_span,False,False,multnoise,1.0
NICO,kNN,ind_span,False,False,noise,1.0
NICO,kNN,ind_span,False,False,outdoor,1.0
NICO,kNN,ind_span,False,False,rock,1.0
NICO,kNN,ind_span,False,False,saltpepper,1.0
NICO,kNN,ind_span,False,False,smear,0.027
NICO,kNN,ind_span,False,False,water,1.0
NICO,kNN,ind_span,True,False,autumn,1.0
NICO,kNN,ind_span,True,False,brightness,0.853
NICO,kNN,ind_span,True,False,contrast,0.938
NICO,kNN,ind_span,True,False,grass,1.0
NICO,kNN,ind_span,True,False,hue,1.0
NICO,kNN,ind_span,True,False,multnoise,1.0
NICO,kNN,ind_span,True,False,noise,1.0
NICO,kNN,ind_span,True,False,outdoor,1.0
NICO,kNN,ind_span,True,False,rock,1.0
NICO,kNN,ind_span,True,False,saltpepper,1.0
NICO,kNN,ind_span,True,False,smear,0.905
NICO,kNN,ind_span,True,False,water,1.0
NICO,kNN,ind_span,True,True,autumn,1.0
NICO,kNN,ind_span,True,True,brightness,0.853
NICO,kNN,ind_span,True,True,contrast,0.9371818181818182
NICO,kNN,ind_span,True,True,grass,1.0
NICO,kNN,ind_span,True,True,hue,1.0
NICO,kNN,ind_span,True,True,multnoise,1.0
NICO,kNN,ind_span,True,True,noise,1.0
NICO,kNN,ind_span,True,True,outdoor,1.0
NICO,kNN,ind_span,True,True,rock,1.0
NICO,kNN,ind_span,True,True,saltpepper,1.0
NICO,kNN,ind_span,True,True,smear,0.905
NICO,kNN,ind_span,True,True,water,1.0
NICO,kNN,val_optimal,False,False,autumn,0.7285454545454545
NICO,kNN,val_optimal,False,False,brightness,0.11036363636363636
NICO,kNN,val_optimal,False,False,contrast,0.07336363636363637
NICO,kNN,val_optimal,False,False,grass,0.7412727272727273
NICO,kNN,val_optimal,False,False,hue,0.8138181818181818
NICO,kNN,val_optimal,False,False,multnoise,0.9101818181818182
NICO,kNN,val_optimal,False,False,noise,0.9598181818181818
NICO,kNN,val_optimal,False,False,outdoor,0.7313636363636363
NICO,kNN,val_optimal,False,False,rock,0.7290909090909091
NICO,kNN,val_optimal,False,False,saltpepper,1.0
NICO,kNN,val_optimal,False,False,smear,0.13736363636363635
NICO,kNN,val_optimal,False,False,water,0.7284545454545455
NICO,kNN,val_optimal,True,False,autumn,0.7285454545454545
NICO,kNN,val_optimal,True,False,brightness,0.7813636363636364
NICO,kNN,val_optimal,True,False,contrast,0.8875454545454545
NICO,kNN,val_optimal,True,False,grass,0.7412727272727273
NICO,kNN,val_optimal,True,False,hue,0.8138181818181818
NICO,kNN,val_optimal,True,False,multnoise,0.9101818181818182
NICO,kNN,val_optimal,True,False,noise,0.9598181818181818
NICO,kNN,val_optimal,True,False,outdoor,0.7313636363636363
NICO,kNN,val_optimal,True,False,rock,0.7290909090909091
NICO,kNN,val_optimal,True,False,saltpepper,1.0
NICO,kNN,val_optimal,True,False,smear,0.8122727272727273
NICO,kNN,val_optimal,True,False,water,0.7284545454545455
NICO,kNN,val_optimal,True,True,autumn,0.9090909090909091
NICO,kNN,val_optimal,True,True,brightness,0.759
NICO,kNN,val_optimal,True,True,contrast,0.8737272727272727
NICO,kNN,val_optimal,True,True,grass,0.9090909090909091
NICO,kNN,val_optimal,True,True,hue,0.9090909090909091
NICO,kNN,val_optimal,True,True,multnoise,0.9090909090909091
NICO,kNN,val_optimal,True,True,noise,0.9090909090909091
NICO,kNN,val_optimal,True,True,outdoor,0.9090909090909091
NICO,kNN,val_optimal,True,True,rock,0.9090909090909091
NICO,kNN,val_optimal,True,True,saltpepper,0.9090909090909091
NICO,kNN,val_optimal,True,True,smear,0.8138181818181818
NICO,kNN,val_optimal,True,True,water,0.9090909090909091
Office31,Energy,ind_span,False,False,brightness,0.001
Office31,Energy,ind_span,False,False,contrast,0.015
Office31,Energy,ind_span,False,False,dslr,0.0
Office31,Energy,ind_span,False,False,hue,0.03
Office31,Energy,ind_span,False,False,multnoise,1.0
Office31,Energy,ind_span,False,False,noise,0.038
Office31,Energy,ind_span,False,False,saltpepper,1.0
Office31,Energy,ind_span,False,False,smear,0.146
Office31,Energy,ind_span,False,False,webcam,0.0
Office31,Energy,ind_span,True,False,brightness,0.001
Office31,Energy,ind_span,True,False,contrast,0.902
Office31,Energy,ind_span,True,False,dslr,0.0
Office31,Energy,ind_span,True,False,hue,0.852
Office31,Energy,ind_span,True,False,multnoise,1.0
Office31,Energy,ind_span,True,False,noise,0.038
Office31,Energy,ind_span,True,False,saltpepper,1.0
Office31,Energy,ind_span,True,False,smear,0.724
Office31,Energy,ind_span,True,False,webcam,0.0
Office31,Energy,ind_span,True,True,brightness,0.001125
Office31,Energy,ind_span,True,True,contrast,0.899375
Office31,Energy,ind_span,True,True,dslr,0.00075
Office31,Energy,ind_span,True,True,hue,0.853625
Office31,Energy,ind_span,True,True,multnoise,1.0
Office31,Energy,ind_span,True,True,noise,0.055375
Office31,Energy,ind_span,True,True,saltpepper,1.0
Office31,Energy,ind_span,True,True,smear,0.72475
Office31,Energy,ind_span,True,True,webcam,0.0
Office31,Energy,val_optimal,False,False,brightness,0.23975
Office31,Energy,val_optimal,False,False,contrast,0.338625
Office31,Energy,val_optimal,False,False,dslr,0.23375
Office31,Energy,val_optimal,False,False,hue,0.357625
Office31,Energy,val_optimal,False,False,multnoise,0.49125
Office31,Energy,val_optimal,False,False,noise,0.290875
Office31,Energy,val_optimal,False,False,saltpepper,0.5
Office31,Energy,val_optimal,False,False,smear,0.376625
Office31,Energy,val_optimal,False,False,webcam,0.30325
Office31,Energy,val_optimal,True,False,brightness,0.23975
Office31,Energy,val_optimal,True,False,contrast,0.633125
Office31,Energy,val_optimal,True,False,dslr,0.23375
Office31,Energy,val_optimal,True,False,hue,0.605625
Office31,Energy,val_optimal,True,False,multnoise,0.49125
Office31,Energy,val_optimal,True,False,noise,0.290875
Office31,Energy,val_optimal,True,False,saltpepper,0.5
Office31,Energy,val_optimal,True,False,smear,0.576125
Office31,Energy,val_optimal,True,False,webcam,0.30325
Office31,Energy,val_optimal,True,True,brightness,0.325875
Office31,Energy,val_optimal,True,True,contrast,0.609875
Office31,Energy,val_optimal,True,True,dslr,0.275
Office31,Energy,val_optimal,True,True,hue,0.595125
Office31,Energy,val_optimal,True,True,multnoise,0.5
Office31,Energy,val_optimal,True,True,noise,0.33875
Office31,Energy,val_optimal,True,True,saltpepper,0.5
Office31,Energy,val_optimal,True,True,smear,0.5555
Office31,Energy,val_optimal,True,True,webcam,0.381125
Office31,Entropy,ind_span,False,False,brightness,0.0
Office31,Entropy,ind_span,False,False,contrast,0.01
Office31,Entropy,ind_span,False,False,dslr,0.009
Office31,Entropy,ind_span,False,False,hue,0.022
Office31,Entropy,ind_span,False,False,multnoise,1.0
Office31,Entropy,ind_span,False,False,noise,0.235
Office31,Entropy,ind_span,False,False,saltpepper,1.0
Office31,Entropy,ind_span,False,False,smear,0.16
Office31,Entropy,ind_span,False,False,webcam,0.0
Office31,Entropy,ind_span,True,False,brightness,0.0
Office31,Entropy,ind_span,True,False,contrast,0.878
Office31,Entropy,ind_span,True,False,dslr,0.009
Office31,Entropy,ind_span,True,False,hue,0.826
Office31,Entropy,ind_span,True,False,multnoise,1.0
Office31,Entropy,ind_span,True,False,noise,0.235
Office31,Entropy,ind_span,True,False,saltpepper,1.0
Office31,Entropy,ind_span,True,False,smear,0.688
Office31,Entropy,ind_span,True,False,webcam,0.0
Office31,Entropy,ind_span,True,True,brightness,0.0
Office31,Entropy,ind_span,True,True,contrast,0.879375
Office31,Entropy,ind_span,True,True,dslr,0.0135
Office31,Entropy,ind_span,True,True,hue,0.828125
Office31,Entropy,ind_span,True,True,multnoise,1.0
Office31,Entropy,ind_span,True,True,noise,0.245125
Office31,Entropy,ind_span,True,True,saltpepper,1.0
Office31,Entropy,ind_span,True,True,smear,0.692375
Office31,Entropy,ind_span,True,True,webcam,0.0
Office31,Entropy,val_optimal,False,False,brightness,0.25375
Office31,Entropy,val_optimal,False,False,contrast,0.312
Office31,Entropy,val_optimal,False,False,dslr,0.243625
Office31,Entropy,val_optimal,False,False,hue,0.348375
Office31,Entropy,val_optimal,False,False,multnoise,0.499125
Office31,Entropy,val_optimal,False,False,noise,0.26325
Office31,Entropy,val_optimal,False,False,saltpepper,0.5
Office31,Entropy,val_optimal,False,False,smear,0.374375
Office31,Entropy,val_optimal,False,False,webcam,0.2425
Office31,Entropy,val_optimal,True,False,brightness,0.25375
Office31,Entropy,val_optimal,True,False,contrast,0.6475
Office31,Entropy,val_optimal,True,False,dslr,0.243625
Office31,Entropy,val_optimal,True,False,hue,0.604875
Office31,Entropy,val_optimal,True,False,multnoise,0.499125
Office31,Entropy,val_optimal,True,False,noise,0.26325
Office31,Entropy,val_optimal,True,False,saltpepper,0.5
Office31,Entropy,val_optimal,True,False,smear,0.569875
Office31,Entropy,val_optimal,True,False,webcam,0.2425
Office31,Entropy,val_optimal,True,True,brightness,0.225625
Office31,Entropy,val_optimal,True,True,contrast,0.6555
Office31,Entropy,val_optimal,True,True,dslr,0.24325
Office31,Entropy,val_optimal,True,True,hue,0.60275
Office31,Entropy,val_optimal,True,True,multnoise,0.5
Office31,Entropy,val_optimal,True,True,noise,0.276125
Office31,Entropy,val_optimal,True,True,saltpepper,0.5
Office31,Entropy,val_optimal,True,True,smear,0.577625
Office31,Entropy,val_optimal,True,True,webcam,0.2145
Office31,GradNorm,ind_span,False,False,brightness,0.994
Office31,GradNorm,ind_span,False,False,contrast,0.03
Office31,GradNorm,ind_span,False,False,dslr,0.268
Office31,GradNorm,ind_span,False,False,hue,0.089
Office31,GradNorm,ind_span,False,False,multnoise,0.918
Office31,GradNorm,ind_span,False,False,noise,0.377
Office31,GradNorm,ind_span,False,False,saltpepper,0.581
Office31,GradNorm,ind_span,False,False,smear,0.079
Office31,GradNorm,ind_span,False,False,webcam,0.439
Office31,GradNorm,ind_span,True,False,brightness,0.994
Office31,GradNorm,ind_span,True,False,contrast,0.905
Office31,GradNorm,ind_span,True,False,dslr,0.268
Office31,GradNorm,ind_span,True,False,hue,0.799
Office31,GradNorm,ind_span,True,False,multnoise,0.918
Office31,GradNorm,ind_span,True,False,noise,0.377
Office31,GradNorm,ind_span,True,False,saltpepper,0.581
Office31,GradNorm,ind_span,True,False,smear,0.787
Office31,GradNorm,ind_span,True,False,webcam,0.439
Office31,GradNorm,ind_span,True,True,brightness,0.9915
Office31,GradNorm,ind_span,True,True,contrast,0.906875
Office31,GradNorm,ind_span,True,True,dslr,0.24625
Office31,GradNorm,ind_span,True,True,hue,0.802375
Office31,GradNorm,ind_span,True,True,multnoise,0.896125
Office31,GradNorm,ind_span,True,True,noise,0.340625
Office31,GradNorm,ind_span,True,True,saltpepper,0.536
Office31,GradNorm,ind_span,True,True,smear,0.7885
Office31,GradNorm,ind_span,True,True,webcam,0.41025
Office31,GradNorm,val_optimal,False,False,brightness,0.375
Office31,GradNorm,val_optimal,False,False,contrast,0.15625
Office31,GradNorm,val_optimal,False,False,dslr,0.228875
Office31,GradNorm,val_optimal,False,False,hue,0.204375
Office31,GradNorm,val_optimal,False,False,multnoise,0.496375
Office31,GradNorm,val_optimal,False,False,noise,0.3865
Office31,GradNorm,val_optimal,False,False,saltpepper,0.46475
Office31,GradNorm,val_optimal,False,False,smear,0.165875
Office31,GradNorm,val_optimal,False,False,webcam,0.274375
Office31,GradNorm,val_optimal,True,False,brightness,0.375
Office31,GradNorm,val_optimal,True,False,contrast,0.79475
Office31,GradNorm,val_optimal,True,False,dslr,0.228875
Office31,GradNorm,val_optimal,True,False,hue,0.714625
Office31,GradNorm,val_optimal,True,False,multnoise,0.496375
Office31,GradNorm,val_optimal,True,False,noise,0.3865
Office31,GradNorm,val_optimal,True,False,saltpepper,0.46475
Office31,GradNorm,val_optimal,True,False,smear,0.730375
Office31,GradNorm,val_optimal,True,False,webcam,0.274375
Office31,GradNorm,val_optimal,True,True,brightness,0.375
Office31,GradNorm,val_optimal,True,True,contrast,0.78775
Office31,GradNorm,val_optimal,True,True,dslr,0.235875
Office31,GradNorm,val_optimal,True,True,hue,0.70375
Office31,GradNorm,val_optimal,True,True,multnoise,0.4965
Office31,GradNorm,val_optimal,True,True,noise,0.390625
Office31,GradNorm,val_optimal,True,True,saltpepper,0.465125
Office31,GradNorm,val_optimal,True,True,smear,0.723375
Office31,GradNorm,val_optimal,True,True,webcam,0.279375
Office31,Softmax,ind_span,False,False,brightness,0.305
Office31,Softmax,ind_span,False,False,contrast,0.021
Office31,Softmax,ind_span,False,False,dslr,0.531
Office31,Softmax,ind_span,False,False,hue,0.059
Office31,Softmax,ind_span,False,False,multnoise,0.005
Office31,Softmax,ind_span,False,False,noise,0.023
Office31,Softmax,ind_span,False,False,saltpepper,0.032
Office31,Softmax,ind_span,False,False,smear,0.204
Office31,Softmax,ind_span,False,False,webcam,0.315
Office31,Softmax,ind_span,True,False,brightness,0.305
Office31,Softmax,ind_span,True,False,contrast,0.89
Office31,Softmax,ind_span,True,False,dslr,0.531
Office31,Softmax,ind_span,True,False,hue,0.807
Office31,Softmax,ind_span,True,False,multnoise,0.005
Office31,Softmax,ind_span,True,False,noise,0.023
Office31,Softmax,ind_span,True,False,saltpepper,0.032
Office31,Softmax,ind_span,True,False,smear,0.682
Office31,Softmax,ind_span,True,False,webcam,0.315
Office31,Softmax,ind_span,True,True,brightness,0.2445
Office31,Softmax,ind_span,True,True,contrast,0.889125
Office31,Softmax,ind_span,True,True,dslr,0.43825
Office31,Softmax,ind_span,True,True,hue,0.812375
Office31,Softmax,ind_span,True,True,multnoise,0.00625
Office31,Softmax,ind_span,True,True,noise,0.019625
Office31,Softmax,ind_span,True,True,saltpepper,0.025875
Office31,Softmax,ind_span,True,True,smear,0.69175
Office31,Softmax,ind_span,True,True,webcam,0.25075
Office31,Softmax,val_optimal,False,False,brightness,0.83725
Office31,Softmax,val_optimal,False,False,contrast,0.35125
Office31,Softmax,val_optimal,False,False,dslr,0.86775
Office31,Softmax,val_optimal,False,False,hue,0.49975
Office31,Softmax,val_optimal,False,False,multnoise,0.211
Office31,Softmax,val_optimal,False,False,noise,0.506625
Office31,Softmax,val_optimal,False,False,saltpepper,0.6195
Office31,Softmax,val_optimal,False,False,smear,0.73475
Office31,Softmax,val_optimal,False,False,webcam,0.838375
Office31,Softmax,val_optimal,True,False,brightness,0.83725
Office31,Softmax,val_optimal,True,False,contrast,0.63625
Office31,Softmax,val_optimal,True,False,dslr,0.86775
Office31,Softmax,val_optimal,True,False,hue,0.49775
Office31,Softmax,val_optimal,True,False,multnoise,0.211
Office31,Softmax,val_optimal,True,False,noise,0.506625
Office31,Softmax,val_optimal,True,False,saltpepper,0.6195
Office31,Softmax,val_optimal,True,False,smear,0.35325
Office31,Softmax,val_optimal,True,False,webcam,0.838375
Office31,Softmax,val_optimal,True,True,brightness,0.831875
Office31,Softmax,val_optimal,True,True,contrast,0.6435
Office31,Softmax,val_optimal,True,True,dslr,0.866125
Office31,Softmax,val_optimal,True,True,hue,0.509
Office31,Softmax,val_optimal,True,True,multnoise,0.161375
Office31,Softmax,val_optimal,True,True,noise,0.466875
Office31,Softmax,val_optimal,True,True,saltpepper,0.584625
Office31,Softmax,val_optimal,True,True,smear,0.370125
Office31,Softmax,val_optimal,True,True,webcam,0.834625
Office31,Typicality,ind_span,False,False,brightness,1.0
Office31,Typicality,ind_span,False,False,contrast,0.016
Office31,Typicality,ind_span,False,False,dslr,1.0
Office31,Typicality,ind_span,False,False,hue,0.026
Office31,Typicality,ind_span,False,False,multnoise,1.0
Office31,Typicality,ind_span,False,False,noise,1.0
Office31,Typicality,ind_span,False,False,saltpepper,1.0
Office31,Typicality,ind_span,False,False,smear,0.017
Office31,Typicality,ind_span,False,False,webcam,1.0
Office31,Typicality,ind_span,True,False,brightness,1.0
Office31,Typicality,ind_span,True,False,contrast,0.615
Office31,Typicality,ind_span,True,False,dslr,1.0
Office31,Typicality,ind_span,True,False,hue,0.562
Office31,Typicality,ind_span,True,False,multnoise,1.0
Office31,Typicality,ind_span,True,False,noise,1.0
Office31,Typicality,ind_span,True,False,saltpepper,1.0
Office31,Typicality,ind_span,True,False,smear,0.4
Office31,Typicality,ind_span,True,False,webcam,1.0
Office31,Typicality,ind_span,True,True,brightness,1.0
Office31,Typicality,ind_span,True,True,contrast,0.615125
Office31,Typicality,ind_span,True,True,dslr,1.0
Office31,Typicality,ind_span,True,True,hue,0.562125
Office31,Typicality,ind_span,True,True,multnoise,1.0
Office31,Typicality,ind_span,True,True,noise,1.0
Office31,Typicality,ind_span,True,True,saltpepper,1.0
Office31,Typicality,ind_span,True,True,smear,0.399875
Office31,Typicality,ind_span,True,True,webcam,1.0
Office31,Typicality,val_optimal,False,False,brightness,0.75
Office31,Typicality,val_optimal,False,False,contrast,0.15
Office31,Typicality,val_optimal,False,False,dslr,0.75
Office31,Typicality,val_optimal,False,False,hue,0.150125
Office31,Typicality,val_optimal,False,False,multnoise,0.75
Office31,Typicality,val_optimal,False,False,noise,0.75
Office31,Typicality,val_optimal,False,False,saltpepper,0.75
Office31,Typicality,val_optimal,False,False,smear,0.110875
Office31,Typicality,val_optimal,False,False,webcam,0.75
Office31,Typicality,val_optimal,True,False,brightness,0.75
Office31,Typicality,val_optimal,True,False,contrast,0.58375
Office31,Typicality,val_optimal,True,False,dslr,0.75
Office31,Typicality,val_optimal,True,False,hue,0.544875
Office31,Typicality,val_optimal,True,False,multnoise,0.75
Office31,Typicality,val_optimal,True,False,noise,0.75
Office31,Typicality,val_optimal,True,False,saltpepper,0.75
Office31,Typicality,val_optimal,True,False,smear,0.420375
Office31,Typicality,val_optimal,True,False,webcam,0.75
Office31,Typicality,val_optimal,True,True,brightness,0.875
Office31,Typicality,val_optimal,True,True,contrast,0.6055
Office31,Typicality,val_optimal,True,True,dslr,0.875
Office31,Typicality,val_optimal,True,True,hue,0.556875
Office31,Typicality,val_optimal,True,True,multnoise,0.875
Office31,Typicality,val_optimal,True,True,noise,0.875
Office31,Typicality,val_optimal,True,True,saltpepper,0.875
Office31,Typicality,val_optimal,True,True,smear,0.4085
Office31,Typicality,val_optimal,True,True,webcam,0.875
Office31,kNN,ind_span,False,False,brightness,1.0
Office31,kNN,ind_span,False,False,contrast,0.037
Office31,kNN,ind_span,False,False,dslr,1.0
Office31,kNN,ind_span,False,False,hue,0.009
Office31,kNN,ind_span,False,False,multnoise,1.0
Office31,kNN,ind_span,False,False,noise,1.0
Office31,kNN,ind_span,False,False,saltpepper,1.0
Office31,kNN,ind_span,False,False,smear,0.011
Office31,kNN,ind_span,False,False,webcam,1.0
Office31,kNN,ind_span,True,False,brightness,1.0
Office31,kNN,ind_span,True,False,contrast,0.871
Office31,kNN,ind_span,True,False,dslr,1.0
Office31,kNN,ind_span,True,False,hue,0.842
Office31,kNN,ind_span,True,False,multnoise,1.0
Office31,kNN,ind_span,True,False,noise,1.0
Office31,kNN,ind_span,True,False,saltpepper,1.0
Office31,kNN,ind_span,True,False,smear,0.78
Office31,kNN,ind_span,True,False,webcam,1.0
Office31,kNN,ind_span,True,True,brightness,1.0
Office31,kNN,ind_span,True,True,contrast,0.8725
Office31,kNN,ind_span,True,True,dslr,1.0
Office31,kNN,ind_span,True,True,hue,0.841875
Office31,kNN,ind_span,True,True,multnoise,1.0
Office31,kNN,ind_span,True,True,noise,1.0
Office31,kNN,ind_span,True,True,saltpepper,1.0
Office31,kNN,ind_span,True,True,smear,0.78075
Office31,kNN,ind_span,True,True,webcam,1.0
Office31,kNN,val_optimal,False,False,brightness,0.38925
Office31,kNN,val_optimal,False,False,contrast,0.191625
Office31,kNN,val_optimal,False,False,dslr,0.487125
Office31,kNN,val_optimal,False,False,hue,0.11525
Office31,kNN,val_optimal,False,False,multnoise,0.625
Office31,kNN,val_optimal,False,False,noise,0.49925
Office31,kNN,val_optimal,False,False,saltpepper,0.625
Office31,kNN,val_optimal,False,False,smear,0.233625
Office31,kNN,val_optimal,False,False,webcam,0.382625
Office31,kNN,val_optimal,True,False,brightness,0.38925
Office31,kNN,val_optimal,True,False,contrast,0.744375
Office31,kNN,val_optimal,True,False,dslr,0.487125
Office31,kNN,val_optimal,True,False,hue,0.7695
Office31,kNN,val_optimal,True,False,multnoise,0.625
Office31,kNN,val_optimal,True,False,noise,0.49925
Office31,kNN,val_optimal,True,False,saltpepper,0.625
Office31,kNN,val_optimal,True,False,smear,0.655625
Office31,kNN,val_optimal,True,False,webcam,0.382625
Office31,kNN,val_optimal,True,True,brightness,0.625
Office31,kNN,val_optimal,True,True,contrast,0.739625
Office31,kNN,val_optimal,True,True,dslr,0.625
Office31,kNN,val_optimal,True,True,hue,0.756125
Office31,kNN,val_optimal,True,True,multnoise,0.625
Office31,kNN,val_optimal,True,True,noise,0.625
Office31,kNN,val_optimal,True,True,saltpepper,0.625
Office31,kNN,val_optimal,True,True,smear,0.651
Office31,kNN,val_optimal,True,True,webcam,0.625
OfficeHome,Energy,ind_span,False,False,Art,0.128
OfficeHome,Energy,ind_span,False,False,Clipart,0.135
OfficeHome,Energy,ind_span,False,False,Product,0.055
OfficeHome,Energy,ind_span,False,False,brightness,0.0
OfficeHome,Energy,ind_span,False,False,contrast,0.001
OfficeHome,Energy,ind_span,False,False,hue,0.0
OfficeHome,Energy,ind_span,False,False,multnoise,0.001
OfficeHome,Energy,ind_span,False,False,noise,0.29
OfficeHome,Energy,ind_span,False,False,saltpepper,1.0
OfficeHome,Energy,ind_span,False,False,smear,0.0
OfficeHome,Energy,ind_span,True,False,Art,0.14
OfficeHome,Energy,ind_span,True,False,Clipart,0.135
OfficeHome,Energy,ind_span,True,False,Product,0.22
OfficeHome,Energy,ind_span,True,False,brightness,0.717
OfficeHome,Energy,ind_span,True,False,contrast,0.797
OfficeHome,Energy,ind_span,True,False,hue,0.579
OfficeHome,Energy,ind_span,True,False,multnoise,0.001
OfficeHome,Energy,ind_span,True,False,noise,0.29
OfficeHome,Energy,ind_span,True,False,saltpepper,1.0
OfficeHome,Energy,ind_span,True,False,smear,0.782
OfficeHome,Energy,ind_span,True,True,Art,0.1688888888888889
OfficeHome,Energy,ind_span,True,True,Clipart,0.14122222222222222
OfficeHome,Energy,ind_span,True,True,Product,0.22433333333333333
OfficeHome,Energy,ind_span,True,True,brightness,0.717
OfficeHome,Energy,ind_span,True,True,contrast,0.7963333333333333
OfficeHome,Energy,ind_span,True,True,hue,0.579
OfficeHome,Energy,ind_span,True,True,multnoise,0.0026666666666666666
OfficeHome,Energy,ind_span,True,True,noise,0.2946666666666667
OfficeHome,Energy,ind_span,True,True,saltpepper,1.0
OfficeHome,Energy,ind_span,True,True,smear,0.782
OfficeHome,Energy,val_optimal,False,False,Art,0.11966666666666667
OfficeHome,Energy,val_optimal,False,False,Clipart,0.7287777777777777
OfficeHome,Energy,val_optimal,False,False,Product,0.6363333333333333
OfficeHome,Energy,val_optimal,False,False,brightness,0.49755555555555553
OfficeHome,Energy,val_optimal,False,False,contrast,0.5235555555555556
OfficeHome,Energy,val_optimal,False,False,hue,0.5306666666666666
OfficeHome,Energy,val_optimal,False,False,multnoise,0.404
OfficeHome,Energy,val_optimal,False,False,noise,0.7266666666666667
OfficeHome,Energy,val_optimal,False,False,saltpepper,0.8888888888888888
OfficeHome,Energy,val_optimal,False,False,smear,0.4368888888888889
OfficeHome,Energy,val_optimal,True,False,Art,0.1318888888888889
OfficeHome,Energy,val_optimal,True,False,Clipart,0.7287777777777777
OfficeHome,Energy,val_optimal,True,False,Product,0.5937777777777777
OfficeHome,Energy,val_optimal,True,False,brightness,0.5083333333333333
OfficeHome,Energy,val_optimal,True,False,contrast,0.47933333333333333
OfficeHome,Energy,val_optimal,True,False,hue,0.5081111111111111
OfficeHome,Energy,val_optimal,True,False,multnoise,0.404
OfficeHome,Energy,val_optimal,True,False,noise,0.7266666666666667
OfficeHome,Energy,val_optimal,True,False,saltpepper,0.8888888888888888
OfficeHome,Energy,val_optimal,True,False,smear,0.5362222222222223
OfficeHome,Energy,val_optimal,True,True,Art,0.11955555555555555
OfficeHome,Energy,val_optimal,True,True,Clipart,0.7246666666666667
OfficeHome,Energy,val_optimal,True,True,Product,0.5912222222222222
OfficeHome,Energy,val_optimal,True,True,brightness,0.5165555555555555
OfficeHome,Energy,val_optimal,True,True,contrast,0.49244444444444446
OfficeHome,Energy,val_optimal,True,True,hue,0.5144444444444445
OfficeHome,Energy,val_optimal,True,True,multnoise,0.37577777777777777
OfficeHome,Energy,val_optimal,True,True,noise,0.7262222222222222
OfficeHome,Energy,val_optimal,True,True,saltpepper,0.8888888888888888
OfficeHome,Energy,val_optimal,True,True,smear,0.5488888888888889
OfficeHome,Entropy,ind_span,False,False,Art,0.018
OfficeHome,Entropy,ind_span,False,False,Clipart,0.339
OfficeHome,Entropy,ind_span,False,False,Product,0.233
OfficeHome,Entropy,ind_span,False,False,brightness,0.974
OfficeHome,Entropy,ind_span,False,False,contrast,0.826
OfficeHome,Entropy,ind_span,False,False,hue,0.717
OfficeHome,Entropy,ind_span,False,False,multnoise,1.0
OfficeHome,Entropy,ind_span,False,False,noise,1.0
OfficeHome,Entropy,ind_span,False,False,saltpepper,1.0
OfficeHome,Entropy,ind_span,False,False,smear,0.931
OfficeHome,Entropy,ind_span,True,False,Art,0.028
OfficeHome,Entropy,ind_span,True,False,Clipart,0.339
OfficeHome,Entropy,ind_span,True,False,Product,0.338
OfficeHome,Entropy,ind_span,True,False,brightness,0.273
OfficeHome,Entropy,ind_span,True,False,contrast,0.315
OfficeHome,Entropy,ind_span,True,False,hue,0.447
OfficeHome,Entropy,ind_span,True,False,multnoise,1.0
OfficeHome,Entropy,ind_span,True,False,noise,1.0
OfficeHome,Entropy,ind_span,True,False,saltpepper,1.0
OfficeHome,Entropy,ind_span,True,False,smear,0.289
OfficeHome,Entropy,ind_span,True,True,Art,0.021
OfficeHome,Entropy,ind_span,True,True,Clipart,0.34944444444444445
OfficeHome,Entropy,ind_span,True,True,Product,0.356
OfficeHome,Entropy,ind_span,True,True,brightness,0.4041111111111111
OfficeHome,Entropy,ind_span,True,True,contrast,0.466
OfficeHome,Entropy,ind_span,True,True,hue,0.49077777777777776
OfficeHome,Entropy,ind_span,True,True,multnoise,1.0
OfficeHome,Entropy,ind_span,True,True,noise,1.0
OfficeHome,Entropy,ind_span,True,True,saltpepper,1.0
OfficeHome,Entropy,ind_span,True,True,smear,0.42733333333333334
OfficeHome,Entropy,val_optimal,False,False,Art,0.06222222222222222
OfficeHome,Entropy,val_optimal,False,False,Clipart,0.10844444444444444
OfficeHome,Entropy,val_optimal,False,False,Product,0.09488888888888888
OfficeHome,Entropy,val_optimal,False,False,brightness,0.4434444444444444
OfficeHome,Entropy,val_optimal,False,False,contrast,0.4271111111111111
OfficeHome,Entropy,val_optimal,False,False,hue,0.3997777777777778
OfficeHome,Entropy,val_optimal,False,False,multnoise,0.3332222222222222
OfficeHome,Entropy,val_optimal,False,False,noise,0.33444444444444443
OfficeHome,Entropy,val_optimal,False,False,saltpepper,0.4444444444444444
OfficeHome,Entropy,val_optimal,False,False,smear,0.43933333333333335
OfficeHome,Entropy,val_optimal,True,False,Art,0.07066666666666667
OfficeHome,Entropy,val_optimal,True,False,Clipart,0.10844444444444444
OfficeHome,Entropy,val_optimal,True,False,Product,0.25833333333333336
OfficeHome,Entropy,val_optimal,True,False,brightness,0.5264444444444445
OfficeHome,Entropy,val_optimal,True,False,contrast,0.5456666666666666
OfficeHome,Entropy,val_optimal,True,False,hue,0.5137777777777778
OfficeHome,Entropy,val_optimal,True,False,multnoise,0.3332222222222222
OfficeHome,Entropy,val_optimal,True,False,noise,0.33444444444444443
OfficeHome,Entropy,val_optimal,True,False,saltpepper,0.4444444444444444
OfficeHome,Entropy,val_optimal,True,False,smear,0.532
OfficeHome,Entropy,val_optimal,True,True,Art,0.06688888888888889
OfficeHome,Entropy,val_optimal,True,True,Clipart,0.11566666666666667
OfficeHome,Entropy,val_optimal,True,True,Product,0.25733333333333336
OfficeHome,Entropy,val_optimal,True,True,brightness,0.5278888888888889
OfficeHome,Entropy,val_optimal,True,True,contrast,0.5494444444444444
OfficeHome,Entropy,val_optimal,True,True,hue,0.5158888888888888
OfficeHome,Entropy,val_optimal,True,True,multnoise,0.4444444444444444
OfficeHome,Entropy,val_optimal,True,True,noise,0.4444444444444444
OfficeHome,Entropy,val_optimal,True,True,saltpepper,0.4444444444444444
OfficeHome,Entropy,val_optimal,True,True,smear,0.5316666666666666
OfficeHome,GradNorm,ind_span,False,False,Art,0.017
OfficeHome,GradNorm,ind_span,False,False,Clipart,0.091
OfficeHome,GradNorm,ind_span,False,False,Product,0.129
OfficeHome,GradNorm,ind_span,False,False,brightness,1.0
OfficeHome,GradNorm,ind_span,False,False,contrast,0.998
OfficeHome,GradNorm,ind_span,False,False,hue,1.0
OfficeHome,GradNorm,ind_span,False,False,multnoise,0.095
OfficeHome,GradNorm,ind_span,False,False,noise,0.371
OfficeHome,GradNorm,ind_span,False,False,saltpepper,1.0
OfficeHome,GradNorm,ind_span,False,False,smear,1.0
OfficeHome,GradNorm,ind_span,True,False,Art,0.026
OfficeHome,GradNorm,ind_span,True,False,Clipart,0.092
OfficeHome,GradNorm,ind_span,True,False,Product,0.261
OfficeHome,GradNorm,ind_span,True,False,brightness,0.307
OfficeHome,GradNorm,ind_span,True,False,contrast,0.218
OfficeHome,GradNorm,ind_span,True,False,hue,0.466
OfficeHome,GradNorm,ind_span,True,False,multnoise,0.095
OfficeHome,GradNorm,ind_span,True,False,noise,0.371
OfficeHome,GradNorm,ind_span,True,False,saltpepper,1.0
OfficeHome,GradNorm,ind_span,True,False,smear,0.263
OfficeHome,GradNorm,ind_span,True,True,Art,0.027333333333333334
OfficeHome,GradNorm,ind_span,True,True,Clipart,0.06211111111111111
OfficeHome,GradNorm,ind_span,True,True,Product,0.2718888888888889
OfficeHome,GradNorm,ind_span,True,True,brightness,0.42
OfficeHome,GradNorm,ind_span,True,True,contrast,0.3868888888888889
OfficeHome,GradNorm,ind_span,True,True,hue,0.4886666666666667
OfficeHome,GradNorm,ind_span,True,True,multnoise,0.12466666666666666
OfficeHome,GradNorm,ind_span,True,True,noise,0.4001111111111111
OfficeHome,GradNorm,ind_span,True,True,saltpepper,1.0
OfficeHome,GradNorm,ind_span,True,True,smear,0.3861111111111111
OfficeHome,GradNorm,val_optimal,False,False,Art,0.10244444444444445
OfficeHome,GradNorm,val_optimal,False,False,Clipart,0.08888888888888889
OfficeHome,GradNorm,val_optimal,False,False,Product,0.21666666666666667
OfficeHome,GradNorm,val_optimal,False,False,brightness,0.4444444444444444
OfficeHome,GradNorm,val_optimal,False,False,contrast,0.4421111111111111
OfficeHome,GradNorm,val_optimal,False,False,hue,0.44255555555555554
OfficeHome,GradNorm,val_optimal,False,False,multnoise,0.2773333333333333
OfficeHome,GradNorm,val_optimal,False,False,noise,0.31555555555555553
OfficeHome,GradNorm,val_optimal,False,False,saltpepper,0.4444444444444444
OfficeHome,GradNorm,val_optimal,False,False,smear,0.4444444444444444
OfficeHome,GradNorm,val_optimal,True,False,Art,0.10833333333333334
OfficeHome,GradNorm,val_optimal,True,False,Clipart,0.0898888888888889
OfficeHome,GradNorm,val_optimal,True,False,Product,0.3171111111111111
OfficeHome,GradNorm,val_optimal,True,False,brightness,0.5214444444444445
OfficeHome,GradNorm,val_optimal,True,False,contrast,0.533
OfficeHome,GradNorm,val_optimal,True,False,hue,0.5036666666666667
OfficeHome,GradNorm,val_optimal,True,False,multnoise,0.2773333333333333
OfficeHome,GradNorm,val_optimal,True,False,noise,0.31555555555555553
OfficeHome,GradNorm,val_optimal,True,False,saltpepper,0.4444444444444444
OfficeHome,GradNorm,val_optimal,True,False,smear,0.5263333333333333
OfficeHome,GradNorm,val_optimal,True,True,Art,0.10933333333333334
OfficeHome,GradNorm,val_optimal,True,True,Clipart,0.09344444444444444
OfficeHome,GradNorm,val_optimal,True,True,Product,0.32233333333333336
OfficeHome,GradNorm,val_optimal,True,True,brightness,0.5214444444444445
OfficeHome,GradNorm,val_optimal,True,True,contrast,0.5378888888888889
OfficeHome,GradNorm,val_optimal,True,True,hue,0.5032222222222222
OfficeHome,GradNorm,val_optimal,True,True,multnoise,0.27944444444444444
OfficeHome,GradNorm,val_optimal,True,True,noise,0.33444444444444443
OfficeHome,GradNorm,val_optimal,True,True,saltpepper,0.4444444444444444
OfficeHome,GradNorm,val_optimal,True,True,smear,0.5264444444444445
OfficeHome,Softmax,ind_span,False,False,Art,0.026
OfficeHome,Softmax,ind_span,False,False,Clipart,0.348
OfficeHome,Softmax,ind_span,False,False,Product,0.103
OfficeHome,Softmax,ind_span,False,False,brightness,0.794
OfficeHome,Softmax,ind_span,False,False,contrast,0.582
OfficeHome,Softmax,ind_span,False,False,hue,0.352
OfficeHome,Softmax,ind_span,False,False,multnoise,1.0
OfficeHome,Softmax,ind_span,False,False,noise,1.0
OfficeHome,Softmax,ind_span,False,False,saltpepper,1.0
OfficeHome,Softmax,ind_span,False,False,smear,0.733
OfficeHome,Softmax,ind_span,True,False,Art,0.039
OfficeHome,Softmax,ind_span,True,False,Clipart,0.348
OfficeHome,Softmax,ind_span,True,False,Product,0.257
OfficeHome,Softmax,ind_span,True,False,brightness,0.34
OfficeHome,Softmax,ind_span,True,False,contrast,0.45
OfficeHome,Softmax,ind_span,True,False,hue,0.527
OfficeHome,Softmax,ind_span,True,False,multnoise,1.0
OfficeHome,Softmax,ind_span,True,False,noise,1.0
OfficeHome,Softmax,ind_span,True,False,saltpepper,1.0
OfficeHome,Softmax,ind_span,True,False,smear,0.361
OfficeHome,Softmax,ind_span,True,True,Art,0.029111111111111112
OfficeHome,Softmax,ind_span,True,True,Clipart,0.3605555555555556
OfficeHome,Softmax,ind_span,True,True,Product,0.2657777777777778
OfficeHome,Softmax,ind_span,True,True,brightness,0.46011111111111114
OfficeHome,Softmax,ind_span,True,True,contrast,0.5725555555555556
OfficeHome,Softmax,ind_span,True,True,hue,0.5471111111111111
OfficeHome,Softmax,ind_span,True,True,multnoise,1.0
OfficeHome,Softmax,ind_span,True,True,noise,1.0
OfficeHome,Softmax,ind_span,True,True,saltpepper,1.0
OfficeHome,Softmax,ind_span,True,True,smear,0.47733333333333333
OfficeHome,Softmax,val_optimal,False,False,Art,0.10144444444444445
OfficeHome,Softmax,val_optimal,False,False,Clipart,0.12244444444444444
OfficeHome,Softmax,val_optimal,False,False,Product,0.09777777777777778
OfficeHome,Softmax,val_optimal,False,False,brightness,0.43377777777777776
OfficeHome,Softmax,val_optimal,False,False,contrast,0.3952222222222222
OfficeHome,Softmax,val_optimal,False,False,hue,0.33866666666666667
OfficeHome,Softmax,val_optimal,False,False,multnoise,0.3511111111111111
OfficeHome,Softmax,val_optimal,False,False,noise,0.36577777777777776
OfficeHome,Softmax,val_optimal,False,False,saltpepper,0.4444444444444444
OfficeHome,Softmax,val_optimal,False,False,smear,0.42144444444444445
OfficeHome,Softmax,val_optimal,True,False,Art,0.11288888888888889
OfficeHome,Softmax,val_optimal,True,False,Clipart,0.12244444444444444
OfficeHome,Softmax,val_optimal,True,False,Product,0.25822222222222224
OfficeHome,Softmax,val_optimal,True,False,brightness,0.5333333333333333
OfficeHome,Softmax,val_optimal,True,False,contrast,0.5718888888888889
OfficeHome,Softmax,val_optimal,True,False,hue,0.5318888888888889
OfficeHome,Softmax,val_optimal,True,False,multnoise,0.3511111111111111
OfficeHome,Softmax,val_optimal,True,False,noise,0.36577777777777776
OfficeHome,Softmax,val_optimal,True,False,saltpepper,0.4444444444444444
OfficeHome,Softmax,val_optimal,True,False,smear,0.5445555555555556
OfficeHome,Softmax,val_optimal,True,True,Art,0.11033333333333334
OfficeHome,Softmax,val_optimal,True,True,Clipart,0.12766666666666668
OfficeHome,Softmax,val_optimal,True,True,Product,0.2531111111111111
OfficeHome,Softmax,val_optimal,True,True,brightness,0.5346666666666666
OfficeHome,Softmax,val_optimal,True,True,contrast,0.5714444444444444
OfficeHome,Softmax,val_optimal,True,True,hue,0.5344444444444445
OfficeHome,Softmax,val_optimal,True,True,multnoise,0.4444444444444444
OfficeHome,Softmax,val_optimal,True,True,noise,0.44422222222222224
OfficeHome,Softmax,val_optimal,True,True,saltpepper,0.4444444444444444
OfficeHome,Softmax,val_optimal,True,True,smear,0.5451111111111111
OfficeHome,Typicality,ind_span,False,False,Art,0.726
OfficeHome,Typicality,ind_span,False,False,Clipart,0.132
OfficeHome,Typicality,ind_span,False,False,Product,1.0
OfficeHome,Typicality,ind_span,False,False,brightness,0.977
OfficeHome,Typicality,ind_span,False,False,contrast,0.03
OfficeHome,Typicality,ind_span,False,False,hue,0.041
OfficeHome,Typicality,ind_span,False,False,multnoise,1.0
OfficeHome,Typicality,ind_span,False,False,noise,0.418
OfficeHome,Typicality,ind_span,False,False,saltpepper,1.0
OfficeHome,Typicality,ind_span,False,False,smear,0.028
OfficeHome,Typicality,ind_span,True,False,Art,0.72
OfficeHome,Typicality,ind_span,True,False,Clipart,0.132
OfficeHome,Typicality,ind_span,True,False,Product,0.825
OfficeHome,Typicality,ind_span,True,False,brightness,0.265
OfficeHome,Typicality,ind_span,True,False,contrast,0.787
OfficeHome,Typicality,ind_span,True,False,hue,0.577
OfficeHome,Typicality,ind_span,True,False,multnoise,1.0
OfficeHome,Typicality,ind_span,True,False,noise,0.418
OfficeHome,Typicality,ind_span,True,False,saltpepper,1.0
OfficeHome,Typicality,ind_span,True,False,smear,0.782
OfficeHome,Typicality,ind_span,True,True,Art,0.6284444444444445
OfficeHome,Typicality,ind_span,True,True,Clipart,0.12833333333333333
OfficeHome,Typicality,ind_span,True,True,Product,0.825
OfficeHome,Typicality,ind_span,True,True,brightness,0.26866666666666666
OfficeHome,Typicality,ind_span,True,True,contrast,0.7884444444444444
OfficeHome,Typicality,ind_span,True,True,hue,0.5785555555555556
OfficeHome,Typicality,ind_span,True,True,multnoise,0.8888888888888888
OfficeHome,Typicality,ind_span,True,True,noise,0.29644444444444445
OfficeHome,Typicality,ind_span,True,True,saltpepper,0.8887777777777778
OfficeHome,Typicality,ind_span,True,True,smear,0.7824444444444445
OfficeHome,Typicality,val_optimal,False,False,Art,0.55
OfficeHome,Typicality,val_optimal,False,False,Clipart,0.119
OfficeHome,Typicality,val_optimal,False,False,Product,0.2222222222222222
OfficeHome,Typicality,val_optimal,False,False,brightness,0.6558888888888889
OfficeHome,Typicality,val_optimal,False,False,contrast,0.12911111111111112
OfficeHome,Typicality,val_optimal,False,False,hue,0.16777777777777778
OfficeHome,Typicality,val_optimal,False,False,multnoise,0.6666666666666666
OfficeHome,Typicality,val_optimal,False,False,noise,0.4361111111111111
OfficeHome,Typicality,val_optimal,False,False,saltpepper,0.6666666666666666
OfficeHome,Typicality,val_optimal,False,False,smear,0.14566666666666667
OfficeHome,Typicality,val_optimal,True,False,Art,0.5486666666666666
OfficeHome,Typicality,val_optimal,True,False,Clipart,0.119
OfficeHome,Typicality,val_optimal,True,False,Product,0.3194444444444444
OfficeHome,Typicality,val_optimal,True,False,brightness,0.42344444444444446
OfficeHome,Typicality,val_optimal,True,False,contrast,0.7256666666666667
OfficeHome,Typicality,val_optimal,True,False,hue,0.5584444444444444
OfficeHome,Typicality,val_optimal,True,False,multnoise,0.6666666666666666
OfficeHome,Typicality,val_optimal,True,False,noise,0.4361111111111111
OfficeHome,Typicality,val_optimal,True,False,saltpepper,0.6666666666666666
OfficeHome,Typicality,val_optimal,True,False,smear,0.7105555555555556
OfficeHome,Typicality,val_optimal,True,True,Art,0.538
OfficeHome,Typicality,val_optimal,True,True,Clipart,0.05344444444444445
OfficeHome,Typicality,val_optimal,True,True,Product,0.3194444444444444
OfficeHome,Typicality,val_optimal,True,True,brightness,0.42433333333333334
OfficeHome,Typicality,val_optimal,True,True,contrast,0.7433333333333333
OfficeHome,Typicality,val_optimal,True,True,hue,0.5714444444444444
OfficeHome,Typicality,val_optimal,True,True,multnoise,0.6666666666666666
OfficeHome,Typicality,val_optimal,True,True,noise,0.42944444444444446
OfficeHome,Typicality,val_optimal,True,True,saltpepper,0.6665555555555556
OfficeHome,Typicality,val_optimal,True,True,smear,0.7345555555555555
OfficeHome,kNN,ind_span,False,False,Art,0.108
OfficeHome,kNN,ind_span,False,False,Clipart,0.665
OfficeHome,kNN,ind_span,False,False,Product,0.043
OfficeHome,kNN,ind_span,False,False,brightness,0.998
OfficeHome,kNN,ind_span,False,False,contrast,0.963
OfficeHome,kNN,ind_span,False,False,hue,0.74
OfficeHome,kNN,ind_span,False,False,multnoise,1.0
OfficeHome,kNN,ind_span,False,False,noise,1.0
OfficeHome,kNN,ind_span,False,False,saltpepper,1.0
OfficeHome,kNN,ind_span,False,False,smear,0.99
OfficeHome,kNN,ind_span,True,False,Art,0.119
OfficeHome,kNN,ind_span,True,False,Clipart,0.665
OfficeHome,kNN,ind_span,True,False,Product,0.188
OfficeHome,kNN,ind_span,True,False,brightness,0.3
OfficeHome,kNN,ind_span,True,False,contrast,0.224
OfficeHome,kNN,ind_span,True,False,hue,0.48
OfficeHome,kNN,ind_span,True,False,multnoise,1.0
OfficeHome,kNN,ind_span,True,False,noise,1.0
OfficeHome,kNN,ind_span,True,False,saltpepper,1.0
OfficeHome,kNN,ind_span,True,False,smear,0.234
OfficeHome,kNN,ind_span,True,True,Art,0.12377777777777778
OfficeHome,kNN,ind_span,True,True,Clipart,0.6772222222222222
OfficeHome,kNN,ind_span,True,True,Product,0.194
OfficeHome,kNN,ind_span,True,True,brightness,0.4108888888888889
OfficeHome,kNN,ind_span,True,True,contrast,0.394
OfficeHome,kNN,ind_span,True,True,hue,0.5044444444444445
OfficeHome,kNN,ind_span,True,True,multnoise,1.0
OfficeHome,kNN,ind_span,True,True,noise,1.0
OfficeHome,kNN,ind_span,True,True,saltpepper,1.0
OfficeHome,kNN,ind_span,True,True,smear,0.3635555555555556
OfficeHome,kNN,val_optimal,False,False,Art,0.14066666666666666
OfficeHome,kNN,val_optimal,False,False,Clipart,0.22177777777777777
OfficeHome,kNN,val_optimal,False,False,Product,0.09866666666666667
OfficeHome,kNN,val_optimal,False,False,brightness,0.33255555555555555
OfficeHome,kNN,val_optimal,False,False,contrast,0.32166666666666666
OfficeHome,kNN,val_optimal,False,False,hue,0.23977777777777778
OfficeHome,kNN,val_optimal,False,False,multnoise,0.44455555555555554
OfficeHome,kNN,val_optimal,False,False,noise,0.45566666666666666
OfficeHome,kNN,val_optimal,False,False,saltpepper,0.5555555555555556
OfficeHome,kNN,val_optimal,False,False,smear,0.3313333333333333
OfficeHome,kNN,val_optimal,True,False,Art,0.1501111111111111
OfficeHome,kNN,val_optimal,True,False,Clipart,0.22177777777777777
OfficeHome,kNN,val_optimal,True,False,Product,0.22544444444444445
OfficeHome,kNN,val_optimal,True,False,brightness,0.567
OfficeHome,kNN,val_optimal,True,False,contrast,0.6088888888888889
OfficeHome,kNN,val_optimal,True,False,hue,0.5311111111111111
OfficeHome,kNN,val_optimal,True,False,multnoise,0.44455555555555554
OfficeHome,kNN,val_optimal,True,False,noise,0.45566666666666666
OfficeHome,kNN,val_optimal,True,False,saltpepper,0.5555555555555556
OfficeHome,kNN,val_optimal,True,False,smear,0.5902222222222222
OfficeHome,kNN,val_optimal,True,True,Art,0.15566666666666668
OfficeHome,kNN,val_optimal,True,True,Clipart,0.3427777777777778
OfficeHome,kNN,val_optimal,True,True,Product,0.2258888888888889
OfficeHome,kNN,val_optimal,True,True,brightness,0.5671111111111111
OfficeHome,kNN,val_optimal,True,True,contrast,0.6127777777777778
OfficeHome,kNN,val_optimal,True,True,hue,0.5346666666666666
OfficeHome,kNN,val_optimal,True,True,multnoise,0.5555555555555556
OfficeHome,kNN,val_optimal,True,True,noise,0.5555555555555556
OfficeHome,kNN,val_optimal,True,True,saltpepper,0.5555555555555556
OfficeHome,kNN,val_optimal,True,True,smear,0.5912222222222222
Polyp,Energy,ind_span,False,False,CVC-ClinicDB,0.999
Polyp,Energy,ind_span,False,False,EndoCV2020,0.975
Polyp,Energy,ind_span,False,False,EtisLaribDB,1.0
Polyp,Energy,ind_span,True,False,CVC-ClinicDB,0.635
Polyp,Energy,ind_span,True,False,EndoCV2020,0.409
Polyp,Energy,ind_span,True,False,EtisLaribDB,1.0
Polyp,Energy,ind_span,True,True,CVC-ClinicDB,0.5335
Polyp,Energy,ind_span,True,True,EndoCV2020,0.5015
Polyp,Energy,ind_span,True,True,EtisLaribDB,1.0
Polyp,Energy,val_optimal,False,False,CVC-ClinicDB,0.4995
Polyp,Energy,val_optimal,False,False,EndoCV2020,0.472
Polyp,Energy,val_optimal,False,False,EtisLaribDB,1.0
Polyp,Energy,val_optimal,True,False,CVC-ClinicDB,0.5005
Polyp,Energy,val_optimal,True,False,EndoCV2020,0.497
Polyp,Energy,val_optimal,True,False,EtisLaribDB,1.0
Polyp,Energy,val_optimal,True,True,CVC-ClinicDB,0.635
Polyp,Energy,val_optimal,True,True,EndoCV2020,0.413
Polyp,Energy,val_optimal,True,True,EtisLaribDB,1.0
Polyp,Entropy,ind_span,False,False,CVC-ClinicDB,0.547
Polyp,Entropy,ind_span,False,False,EndoCV2020,0.701
Polyp,Entropy,ind_span,False,False,EtisLaribDB,0.994
Polyp,Entropy,ind_span,True,False,CVC-ClinicDB,0.528
Polyp,Entropy,ind_span,True,False,EndoCV2020,0.58
Polyp,Entropy,ind_span,True,False,EtisLaribDB,0.994
Polyp,Entropy,ind_span,True,True,CVC-ClinicDB,0.549
Polyp,Entropy,ind_span,True,True,EndoCV2020,0.5825
Polyp,Entropy,ind_span,True,True,EtisLaribDB,0.975
Polyp,Entropy,val_optimal,False,False,CVC-ClinicDB,0.175
Polyp,Entropy,val_optimal,False,False,EndoCV2020,0.002
Polyp,Entropy,val_optimal,False,False,EtisLaribDB,0.4995
Polyp,Entropy,val_optimal,True,False,CVC-ClinicDB,0.262
Polyp,Entropy,val_optimal,True,False,EndoCV2020,0.295
Polyp,Entropy,val_optimal,True,False,EtisLaribDB,0.4995
Polyp,Entropy,val_optimal,True,True,CVC-ClinicDB,0.251
Polyp,Entropy,val_optimal,True,True,EndoCV2020,0.295
Polyp,Entropy,val_optimal,True,True,EtisLaribDB,0.4995
Polyp,GradNorm,ind_span,False,False,CVC-ClinicDB,0.122
Polyp,GradNorm,ind_span,False,False,EndoCV2020,0.019
Polyp,GradNorm,ind_span,False,False,EtisLaribDB,0.005
Polyp,GradNorm,ind_span,True,False,CVC-ClinicDB,0.438
Polyp,GradNorm,ind_span,True,False,EndoCV2020,0.596
Polyp,GradNorm,ind_span,True,False,EtisLaribDB,0.005
Polyp,GradNorm,ind_span,True,True,CVC-ClinicDB,0.436
Polyp,GradNorm,ind_span,True,True,EndoCV2020,0.597
Polyp,GradNorm,ind_span,True,True,EtisLaribDB,0.0045
Polyp,GradNorm,val_optimal,False,False,CVC-ClinicDB,0.886
Polyp,GradNorm,val_optimal,False,False,EndoCV2020,0.7575
Polyp,GradNorm,val_optimal,False,False,EtisLaribDB,0.455
Polyp,GradNorm,val_optimal,True,False,CVC-ClinicDB,0.565
Polyp,GradNorm,val_optimal,True,False,EndoCV2020,0.4435
Polyp,GradNorm,val_optimal,True,False,EtisLaribDB,0.455
Polyp,GradNorm,val_optimal,True,True,CVC-ClinicDB,0.568
Polyp,GradNorm,val_optimal,True,True,EndoCV2020,0.4235
Polyp,GradNorm,val_optimal,True,True,EtisLaribDB,0.5765
Polyp,Softmax,ind_span,False,False,CVC-ClinicDB,0.0
Polyp,Softmax,ind_span,False,False,EndoCV2020,0.0
Polyp,Softmax,ind_span,False,False,EtisLaribDB,0.0
Polyp,Softmax,ind_span,True,False,CVC-ClinicDB,0.174
Polyp,Softmax,ind_span,True,False,EndoCV2020,0.363
Polyp,Softmax,ind_span,True,False,EtisLaribDB,0.0
Polyp,Softmax,ind_span,True,True,CVC-ClinicDB,0.174
Polyp,Softmax,ind_span,True,True,EndoCV2020,0.363
Polyp,Softmax,ind_span,True,True,EtisLaribDB,0.0
Polyp,Softmax,val_optimal,False,False,CVC-ClinicDB,0.0
Polyp,Softmax,val_optimal,False,False,EndoCV2020,0.0
Polyp,Softmax,val_optimal,False,False,EtisLaribDB,0.0
Polyp,Softmax,val_optimal,True,False,CVC-ClinicDB,0.174
Polyp,Softmax,val_optimal,True,False,EndoCV2020,0.363
Polyp,Softmax,val_optimal,True,False,EtisLaribDB,0.0
Polyp,Softmax,val_optimal,True,True,CVC-ClinicDB,0.174
Polyp,Softmax,val_optimal,True,True,EndoCV2020,0.363
Polyp,Softmax,val_optimal,True,True,EtisLaribDB,0.0
Polyp,Typicality,ind_span,False,False,CVC-ClinicDB,1.0
Polyp,Typicality,ind_span,False,False,EndoCV2020,0.109
Polyp,Typicality,ind_span,False,False,EtisLaribDB,0.926
Polyp,Typicality,ind_span,True,False,CVC-ClinicDB,0.767
Polyp,Typicality,ind_span,True,False,EndoCV2020,0.449
Polyp,Typicality,ind_span,True,False,EtisLaribDB,0.926
Polyp,Typicality,ind_span,True,True,CVC-ClinicDB,0.767
Polyp,Typicality,ind_span,True,True,EndoCV2020,0.4495
Polyp,Typicality,ind_span,True,True,EtisLaribDB,0.888
Polyp,Typicality,val_optimal,False,False,CVC-ClinicDB,0.0
Polyp,Typicality,val_optimal,False,False,EndoCV2020,0.1045
Polyp,Typicality,val_optimal,False,False,EtisLaribDB,0.4975
Polyp,Typicality,val_optimal,True,False,CVC-ClinicDB,0.233
Polyp,Typicality,val_optimal,True,False,EndoCV2020,0.4395
Polyp,Typicality,val_optimal,True,False,EtisLaribDB,0.4975
Polyp,Typicality,val_optimal,True,True,CVC-ClinicDB,0.233
Polyp,Typicality,val_optimal,True,True,EndoCV2020,0.4395
Polyp,Typicality,val_optimal,True,True,EtisLaribDB,0.498
Polyp,kNN,ind_span,False,False,CVC-ClinicDB,1.0
Polyp,kNN,ind_span,False,False,EndoCV2020,1.0
Polyp,kNN,ind_span,False,False,EtisLaribDB,1.0
Polyp,kNN,ind_span,True,False,CVC-ClinicDB,0.508
Polyp,kNN,ind_span,True,False,EndoCV2020,0.297
Polyp,kNN,ind_span,True,False,EtisLaribDB,1.0
Polyp,kNN,ind_span,True,True,CVC-ClinicDB,0.5
Polyp,kNN,ind_span,True,True,EndoCV2020,0.43
Polyp,kNN,ind_span,True,True,EtisLaribDB,0.905
Polyp,kNN,val_optimal,False,False,CVC-ClinicDB,0.8995
Polyp,kNN,val_optimal,False,False,EndoCV2020,0.931
Polyp,kNN,val_optimal,False,False,EtisLaribDB,1.0
Polyp,kNN,val_optimal,True,False,CVC-ClinicDB,0.5055
Polyp,kNN,val_optimal,True,False,EndoCV2020,0.326
Polyp,kNN,val_optimal,True,False,EtisLaribDB,1.0
Polyp,kNN,val_optimal,True,True,CVC-ClinicDB,0.508
Polyp,kNN,val_optimal,True,True,EndoCV2020,0.297
Polyp,kNN,val_optimal,True,True,EtisLaribDB,1.0
